algorithm,chunk_size,digits,threads,multiplications,additions,carry_operations,subtractions,recursive_calls,base_case_multiplications,normalizations,reduction_operations,local_accumulations,num_chunks_a,num_chunks_b,chunk_multiplications,max_recursion_depth
boost_cpp_int,0,10,1,0.0,0.0,0.0,0.0,0.0,0.0,0.0,0.0,0.0,0.0,0.0,0.0,0.0
boost_cpp_int,0,50,1,0.0,0.0,0.0,0.0,0.0,0.0,0.0,0.0,0.0,0.0,0.0,0.0,0.0
boost_cpp_int,0,100,1,0.0,0.0,0.0,0.0,0.0,0.0,0.0,0.0,0.0,0.0,0.0,0.0,0.0
boost_cpp_int,0,500,1,0.0,0.0,0.0,0.0,0.0,0.0,0.0,0.0,0.0,0.0,0.0,0.0,0.0
boost_cpp_int,0,1000,1,0.0,0.0,0.0,0.0,0.0,0.0,0.0,0.0,0.0,0.0,0.0,0.0,0.0
boost_cpp_int,0,5000,1,0.0,0.0,0.0,0.0,0.0,0.0,0.0,0.0,0.0,0.0,0.0,0.0,0.0
boost_cpp_int,0,10000,1,0.0,0.0,0.0,0.0,0.0,0.0,0.0,0.0,0.0,0.0,0.0,0.0,0.0
boost_cpp_int,0,25000,1,0.0,0.0,0.0,0.0,0.0,0.0,0.0,0.0,0.0,0.0,0.0,0.0,0.0
boost_cpp_int,0,50000,1,0.0,0.0,0.0,0.0,0.0,0.0,0.0,0.0,0.0,0.0,0.0,0.0,0.0
boost_cpp_int,0,100000,1,0.0,0.0,0.0,0.0,0.0,0.0,0.0,0.0,0.0,0.0,0.0,0.0,0.0
chunked,3,10,1,0.0,16.0,5.8,0.0,0.0,0.0,8.0,0.0,0.0,4.0,4.0,16.0,0.0
chunked,3,50,1,0.0,289.0,32.6,0.0,0.0,0.0,34.0,0.0,0.0,17.0,17.0,289.0,0.0
chunked,3,100,1,0.0,1156.0,66.0,0.0,0.0,0.0,68.0,0.0,0.0,34.0,34.0,1156.0,0.0
chunked,3,500,1,0.0,27889.0,332.8,0.0,0.0,0.0,334.0,0.0,0.0,167.0,167.0,27889.0,0.0
chunked,3,1000,1,0.0,111556.0,665.4,0.0,0.0,0.0,668.0,0.0,0.0,334.0,334.0,111556.0,0.0
chunked,3,5000,1,0.0,2778889.0,3332.8,0.0,0.0,0.0,3334.0,0.0,0.0,1667.0,1667.0,2778889.0,0.0
chunked,3,10000,1,0.0,11115556.0,6666.0,0.0,0.0,0.0,6668.0,0.0,0.0,3334.0,3334.0,11115556.0,0.0
chunked,3,25000,1,0.0,69455556.0,16666.0,0.0,0.0,0.0,16668.0,0.0,0.0,8334.0,8334.0,69455556.0,0.0
chunked,3,50000,1,0.0,277788889.0,33332.6,0.0,0.0,0.0,33334.0,0.0,0.0,16667.0,16667.0,277788889.0,0.0
chunked,3,100000,1,0.0,1111155556.0,66666.0,0.0,0.0,0.0,66668.0,0.0,0.0,33334.0,33334.0,1111155556.0,0.0
chunked,4,10,1,0.0,9.0,4.0,0.0,0.0,0.0,6.0,0.0,0.0,3.0,3.0,9.0,0.0
chunked,4,50,1,0.0,169.0,24.0,0.0,0.0,0.0,26.0,0.0,0.0,13.0,13.0,169.0,0.0
chunked,4,100,1,0.0,625.0,49.0,0.0,0.0,0.0,50.0,0.0,0.0,25.0,25.0,625.0,0.0
chunked,4,500,1,0.0,15625.0,249.0,0.0,0.0,0.0,250.0,0.0,0.0,125.0,125.0,15625.0,0.0
chunked,4,1000,1,0.0,62500.0,499.0,0.0,0.0,0.0,500.0,0.0,0.0,250.0,250.0,62500.0,0.0
chunked,4,5000,1,0.0,1562500.0,2499.0,0.0,0.0,0.0,2500.0,0.0,0.0,1250.0,1250.0,1562500.0,0.0
chunked,4,10000,1,0.0,6250000.0,4999.0,0.0,0.0,0.0,5000.0,0.0,0.0,2500.0,2500.0,6250000.0,0.0
chunked,4,25000,1,0.0,39062500.0,12499.0,0.0,0.0,0.0,12500.0,0.0,0.0,6250.0,6250.0,39062500.0,0.0
chunked,4,50000,1,0.0,156250000.0,24999.0,0.0,0.0,0.0,25000.0,0.0,0.0,12500.0,12500.0,156250000.0,0.0
chunked,4,100000,1,0.0,625000000.0,49999.0,0.0,0.0,0.0,50000.0,0.0,0.0,25000.0,25000.0,625000000.0,0.0
chunked,5,10,1,0.0,4.0,3.0,0.0,0.0,0.0,4.0,0.0,0.0,2.0,2.0,4.0,0.0
chunked,5,50,1,0.0,100.0,19.0,0.0,0.0,0.0,20.0,0.0,0.0,10.0,10.0,100.0,0.0
chunked,5,100,1,0.0,400.0,39.0,0.0,0.0,0.0,40.0,0.0,0.0,20.0,20.0,400.0,0.0
chunked,5,500,1,0.0,10000.0,199.0,0.0,0.0,0.0,200.0,0.0,0.0,100.0,100.0,10000.0,0.0
chunked,5,1000,1,0.0,40000.0,399.0,0.0,0.0,0.0,400.0,0.0,0.0,200.0,200.0,40000.0,0.0
chunked,5,5000,1,0.0,1000000.0,1999.0,0.0,0.0,0.0,2000.0,0.0,0.0,1000.0,1000.0,1000000.0,0.0
chunked,5,10000,1,0.0,4000000.0,3999.0,0.0,0.0,0.0,4000.0,0.0,0.0,2000.0,2000.0,4000000.0,0.0
chunked,5,25000,1,0.0,25000000.0,9999.0,0.0,0.0,0.0,10000.0,0.0,0.0,5000.0,5000.0,25000000.0,0.0
chunked,5,50000,1,0.0,100000000.0,19999.0,0.0,0.0,0.0,20000.0,0.0,0.0,10000.0,10000.0,100000000.0,0.0
chunked,5,100000,1,0.0,400000000.0,39999.0,0.0,0.0,0.0,40000.0,0.0,0.0,20000.0,20000.0,400000000.0,0.0
chunked,6,10,1,0.0,4.0,3.0,0.0,0.0,0.0,4.0,0.0,0.0,2.0,2.0,4.0,0.0
chunked,6,50,1,0.0,81.0,16.0,0.0,0.0,0.0,18.0,0.0,0.0,9.0,9.0,81.0,0.0
chunked,6,100,1,0.0,289.0,33.0,0.0,0.0,0.0,34.0,0.0,0.0,17.0,17.0,289.0,0.0
chunked,6,500,1,0.0,7056.0,166.0,0.0,0.0,0.0,168.0,0.0,0.0,84.0,84.0,7056.0,0.0
chunked,6,1000,1,0.0,27889.0,333.0,0.0,0.0,0.0,334.0,0.0,0.0,167.0,167.0,27889.0,0.0
chunked,6,5000,1,0.0,695556.0,1666.0,0.0,0.0,0.0,1668.0,0.0,0.0,834.0,834.0,695556.0,0.0
chunked,6,10000,1,0.0,2778889.0,3333.0,0.0,0.0,0.0,3334.0,0.0,0.0,1667.0,1667.0,2778889.0,0.0
chunked,6,25000,1,0.0,17363889.0,8333.0,0.0,0.0,0.0,8334.0,0.0,0.0,4167.0,4167.0,17363889.0,0.0
chunked,6,50000,1,0.0,69455556.0,16666.0,0.0,0.0,0.0,16668.0,0.0,0.0,8334.0,8334.0,69455556.0,0.0
chunked,6,100000,1,0.0,277788889.0,33333.0,0.0,0.0,0.0,33334.0,0.0,0.0,16667.0,16667.0,277788889.0,0.0
chunked,7,10,1,0.0,4.0,2.0,0.0,0.0,0.0,4.0,0.0,0.0,2.0,2.0,4.0,0.0
chunked,7,50,1,0.0,64.0,14.0,0.0,0.0,0.0,16.0,0.0,0.0,8.0,8.0,64.0,0.0
chunked,7,100,1,0.0,225.0,28.0,0.0,0.0,0.0,30.0,0.0,0.0,15.0,15.0,225.0,0.0
chunked,7,500,1,0.0,5184.0,142.0,0.0,0.0,0.0,144.0,0.0,0.0,72.0,72.0,5184.0,0.0
chunked,7,1000,1,0.0,20449.0,285.0,0.0,0.0,0.0,286.0,0.0,0.0,143.0,143.0,20449.0,0.0
chunked,7,5000,1,0.0,511225.0,1428.0,0.0,0.0,0.0,1430.0,0.0,0.0,715.0,715.0,511225.0,0.0
chunked,7,10000,1,0.0,2042041.0,2857.0,0.0,0.0,0.0,2858.0,0.0,0.0,1429.0,1429.0,2042041.0,0.0
chunked,7,25000,1,0.0,12759184.0,7142.0,0.0,0.0,0.0,7144.0,0.0,0.0,3572.0,3572.0,12759184.0,0.0
chunked,7,50000,1,0.0,51022449.0,14285.0,0.0,0.0,0.0,14286.0,0.0,0.0,7143.0,7143.0,51022449.0,0.0
chunked,7,100000,1,0.0,204089796.0,28571.0,0.0,0.0,0.0,28572.0,0.0,0.0,14286.0,14286.0,204089796.0,0.0
chunked,8,10,1,0.0,4.0,2.0,0.0,0.0,0.0,4.0,0.0,0.0,2.0,2.0,4.0,0.0
chunked,8,50,1,0.0,49.0,12.0,0.0,0.0,0.0,14.0,0.0,0.0,7.0,7.0,49.0,0.0
chunked,8,100,1,0.0,169.0,24.0,0.0,0.0,0.0,26.0,0.0,0.0,13.0,13.0,169.0,0.0
chunked,8,500,1,0.0,3969.0,124.0,0.0,0.0,0.0,126.0,0.0,0.0,63.0,63.0,3969.0,0.0
chunked,8,1000,1,0.0,15625.0,249.0,0.0,0.0,0.0,250.0,0.0,0.0,125.0,125.0,15625.0,0.0
chunked,8,5000,1,0.0,390625.0,1249.0,0.0,0.0,0.0,1250.0,0.0,0.0,625.0,625.0,390625.0,0.0
chunked,8,10000,1,0.0,1562500.0,2499.0,0.0,0.0,0.0,2500.0,0.0,0.0,1250.0,1250.0,1562500.0,0.0
chunked,8,25000,1,0.0,9765625.0,6249.0,0.0,0.0,0.0,6250.0,0.0,0.0,3125.0,3125.0,9765625.0,0.0
chunked,8,50000,1,0.0,39062500.0,12499.0,0.0,0.0,0.0,12500.0,0.0,0.0,6250.0,6250.0,39062500.0,0.0
chunked,8,100000,1,0.0,156250000.0,24999.0,0.0,0.0,0.0,25000.0,0.0,0.0,12500.0,12500.0,156250000.0,0.0
chunked,9,10,1,0.0,4.0,1.8,0.0,0.0,0.0,4.0,0.0,0.0,2.0,2.0,4.0,0.0
chunked,9,50,1,0.0,36.0,10.6,0.0,0.0,0.0,12.0,0.0,0.0,6.0,6.0,36.0,0.0
chunked,9,100,1,0.0,144.0,22.0,0.0,0.0,0.0,24.0,0.0,0.0,12.0,12.0,144.0,0.0
chunked,9,500,1,0.0,3136.0,110.8,0.0,0.0,0.0,112.0,0.0,0.0,56.0,56.0,3136.0,0.0
chunked,9,1000,1,0.0,12544.0,221.8,0.0,0.0,0.0,224.0,0.0,0.0,112.0,112.0,12544.0,0.0
chunked,9,5000,1,0.0,309136.0,1110.8,0.0,0.0,0.0,1112.0,0.0,0.0,556.0,556.0,309136.0,0.0
chunked,9,10000,1,0.0,1236544.0,2222.0,0.0,0.0,0.0,2224.0,0.0,0.0,1112.0,1112.0,1236544.0,0.0
chunked,9,25000,1,0.0,7717284.0,5555.0,0.0,0.0,0.0,5556.0,0.0,0.0,2778.0,2778.0,7717284.0,0.0
chunked,9,50000,1,0.0,30869136.0,11110.6,0.0,0.0,0.0,11112.0,0.0,0.0,5556.0,5556.0,30869136.0,0.0
chunked,9,100000,1,0.0,123476544.0,22222.0,0.0,0.0,0.0,22224.0,0.0,0.0,11112.0,11112.0,123476544.0,0.0
chunked,10,10,1,0.0,1.0,1.0,0.0,0.0,0.0,2.0,0.0,0.0,1.0,1.0,1.0,0.0
chunked,10,50,1,0.0,25.0,9.0,0.0,0.0,0.0,10.0,0.0,0.0,5.0,5.0,25.0,0.0
chunked,10,100,1,0.0,100.0,19.0,0.0,0.0,0.0,20.0,0.0,0.0,10.0,10.0,100.0,0.0
chunked,10,500,1,0.0,2500.0,99.0,0.0,0.0,0.0,100.0,0.0,0.0,50.0,50.0,2500.0,0.0
chunked,10,1000,1,0.0,10000.0,199.0,0.0,0.0,0.0,200.0,0.0,0.0,100.0,100.0,10000.0,0.0
chunked,10,5000,1,0.0,250000.0,999.0,0.0,0.0,0.0,1000.0,0.0,0.0,500.0,500.0,250000.0,0.0
chunked,10,10000,1,0.0,1000000.0,1999.0,0.0,0.0,0.0,2000.0,0.0,0.0,1000.0,1000.0,1000000.0,0.0
chunked,10,25000,1,0.0,6250000.0,4999.0,0.0,0.0,0.0,5000.0,0.0,0.0,2500.0,2500.0,6250000.0,0.0
chunked,10,50000,1,0.0,25000000.0,9999.0,0.0,0.0,0.0,10000.0,0.0,0.0,5000.0,5000.0,25000000.0,0.0
chunked,10,100000,1,0.0,100000000.0,19999.0,0.0,0.0,0.0,20000.0,0.0,0.0,10000.0,10000.0,100000000.0,0.0
karatsuba,0,10,1,100.0,100.0,17.4,0.0,1.0,1.0,0.0,0.0,0.0,0.0,0.0,0.0,0.0
karatsuba,0,50,1,2500.0,2500.0,98.0,0.0,1.0,1.0,0.0,0.0,0.0,0.0,0.0,0.0,0.0
karatsuba,0,100,1,7560.4,8010.2,295.2,200.6,4.0,3.0,0.0,0.0,0.0,0.0,0.0,0.0,1.0
karatsuba,0,500,1,106124.8,116821.4,3329.4,4762.0,40.0,27.0,0.0,0.0,0.0,0.0,0.0,0.0,3.0
karatsuba,0,1000,1,318795.4,355461.0,10013.2,16322.0,121.6,81.4,0.0,0.0,0.0,0.0,0.0,0.0,4.2
karatsuba,0,5000,1,3384917.0,4110104.8,167506.2,322995.6,3280.0,2187.0,0.0,0.0,0.0,0.0,0.0,0.0,7.0
karatsuba,0,10000,1,10161436.8,12382326.8,502692.8,989127.0,9841.0,6561.0,0.0,0.0,0.0,0.0,0.0,0.0,8.0
karatsuba,0,25000,1,47474794.0,55911596.6,1891365.8,3755733.6,29524.0,19683.0,0.0,0.0,0.0,0.0,0.0,0.0,9.0
karatsuba,0,50000,1,142428376.8,167963520.0,5674141.4,11367204.6,88573.0,59049.0,0.0,0.0,0.0,0.0,0.0,0.0,10.0
karatsuba,0,100000,1,427265187.4,504320551.6,17022692.2,34301463.0,265720.0,177147.0,0.0,0.0,0.0,0.0,0.0,0.0,11.0
parallel_chunked,3,10,1,16.0,16.0,5.8,0.0,0.0,0.0,0.0,0.0,16.0,4.0,4.0,16.0,0.0
parallel_chunked,3,10,2,16.0,16.0,5.8,0.0,0.0,0.0,0.0,16.0,16.0,4.0,4.0,16.0,0.0
parallel_chunked,3,10,4,16.0,16.0,5.8,0.0,0.0,0.0,0.0,32.0,16.0,4.0,4.0,16.0,0.0
parallel_chunked,3,10,8,16.0,16.0,5.8,0.0,0.0,0.0,0.0,32.0,16.0,4.0,4.0,16.0,0.0
parallel_chunked,3,50,1,289.0,289.0,32.6,0.0,0.0,0.0,0.0,0.0,289.0,17.0,17.0,289.0,0.0
parallel_chunked,3,50,2,289.0,289.0,32.6,0.0,0.0,0.0,0.0,68.0,289.0,17.0,17.0,289.0,0.0
parallel_chunked,3,50,4,289.0,289.0,32.6,0.0,0.0,0.0,0.0,136.0,289.0,17.0,17.0,289.0,0.0
parallel_chunked,3,50,8,289.0,289.0,32.6,0.0,0.0,0.0,0.0,272.0,289.0,17.0,17.0,289.0,0.0
parallel_chunked,3,100,1,1156.0,1156.0,66.0,0.0,0.0,0.0,0.0,0.0,1156.0,34.0,34.0,1156.0,0.0
parallel_chunked,3,100,2,1156.0,1156.0,66.0,0.0,0.0,0.0,0.0,136.0,1156.0,34.0,34.0,1156.0,0.0
parallel_chunked,3,100,4,1156.0,1156.0,66.0,0.0,0.0,0.0,0.0,272.0,1156.0,34.0,34.0,1156.0,0.0
parallel_chunked,3,100,8,1156.0,1156.0,66.0,0.0,0.0,0.0,0.0,544.0,1156.0,34.0,34.0,1156.0,0.0
parallel_chunked,3,500,1,27889.0,27889.0,332.8,0.0,0.0,0.0,0.0,0.0,27889.0,167.0,167.0,27889.0,0.0
parallel_chunked,3,500,2,27889.0,27889.0,332.8,0.0,0.0,0.0,0.0,668.0,27889.0,167.0,167.0,27889.0,0.0
parallel_chunked,3,500,4,27889.0,27889.0,332.8,0.0,0.0,0.0,0.0,1336.0,27889.0,167.0,167.0,27889.0,0.0
parallel_chunked,3,500,8,27889.0,27889.0,332.8,0.0,0.0,0.0,0.0,2672.0,27889.0,167.0,167.0,27889.0,0.0
parallel_chunked,3,1000,1,111556.0,111556.0,665.4,0.0,0.0,0.0,0.0,0.0,111556.0,334.0,334.0,111556.0,0.0
parallel_chunked,3,1000,2,111556.0,111556.0,665.4,0.0,0.0,0.0,0.0,1336.0,111556.0,334.0,334.0,111556.0,0.0
parallel_chunked,3,1000,4,111556.0,111556.0,665.4,0.0,0.0,0.0,0.0,2672.0,111556.0,334.0,334.0,111556.0,0.0
parallel_chunked,3,1000,8,111556.0,111556.0,665.4,0.0,0.0,0.0,0.0,5344.0,111556.0,334.0,334.0,111556.0,0.0
parallel_chunked,3,5000,1,2778889.0,2778889.0,3332.8,0.0,0.0,0.0,0.0,0.0,2778889.0,1667.0,1667.0,2778889.0,0.0
parallel_chunked,3,5000,2,2778889.0,2778889.0,3332.8,0.0,0.0,0.0,0.0,6668.0,2778889.0,1667.0,1667.0,2778889.0,0.0
parallel_chunked,3,5000,4,2778889.0,2778889.0,3332.8,0.0,0.0,0.0,0.0,13336.0,2778889.0,1667.0,1667.0,2778889.0,0.0
parallel_chunked,3,5000,8,2778889.0,2778889.0,3332.8,0.0,0.0,0.0,0.0,26672.0,2778889.0,1667.0,1667.0,2778889.0,0.0
parallel_chunked,3,10000,1,11115556.0,11115556.0,6666.0,0.0,0.0,0.0,0.0,0.0,11115556.0,3334.0,3334.0,11115556.0,0.0
parallel_chunked,3,10000,2,11115556.0,11115556.0,6666.0,0.0,0.0,0.0,0.0,13336.0,11115556.0,3334.0,3334.0,11115556.0,0.0
parallel_chunked,3,10000,4,11115556.0,11115556.0,6666.0,0.0,0.0,0.0,0.0,26672.0,11115556.0,3334.0,3334.0,11115556.0,0.0
parallel_chunked,3,10000,8,11115556.0,11115556.0,6666.0,0.0,0.0,0.0,0.0,53344.0,11115556.0,3334.0,3334.0,11115556.0,0.0
parallel_chunked,3,25000,1,69455556.0,69455556.0,16666.0,0.0,0.0,0.0,0.0,0.0,69455556.0,8334.0,8334.0,69455556.0,0.0
parallel_chunked,3,25000,2,69455556.0,69455556.0,16666.0,0.0,0.0,0.0,0.0,33336.0,69455556.0,8334.0,8334.0,69455556.0,0.0
parallel_chunked,3,25000,4,69455556.0,69455556.0,16666.0,0.0,0.0,0.0,0.0,66672.0,69455556.0,8334.0,8334.0,69455556.0,0.0
parallel_chunked,3,25000,8,69455556.0,69455556.0,16666.0,0.0,0.0,0.0,0.0,133344.0,69455556.0,8334.0,8334.0,69455556.0,0.0
parallel_chunked,3,50000,1,277788889.0,277788889.0,33332.6,0.0,0.0,0.0,0.0,0.0,277788889.0,16667.0,16667.0,277788889.0,0.0
parallel_chunked,3,50000,2,277788889.0,277788889.0,33332.6,0.0,0.0,0.0,0.0,66668.0,277788889.0,16667.0,16667.0,277788889.0,0.0
parallel_chunked,3,50000,4,277788889.0,277788889.0,33332.6,0.0,0.0,0.0,0.0,133336.0,277788889.0,16667.0,16667.0,277788889.0,0.0
parallel_chunked,3,50000,8,277788889.0,277788889.0,33332.6,0.0,0.0,0.0,0.0,266672.0,277788889.0,16667.0,16667.0,277788889.0,0.0
parallel_chunked,3,100000,1,1111155556.0,1111155556.0,66666.0,0.0,0.0,0.0,0.0,0.0,1111155556.0,33334.0,33334.0,1111155556.0,0.0
parallel_chunked,3,100000,2,1111155556.0,1111155556.0,66666.0,0.0,0.0,0.0,0.0,133336.0,1111155556.0,33334.0,33334.0,1111155556.0,0.0
parallel_chunked,3,100000,4,1111155556.0,1111155556.0,66666.0,0.0,0.0,0.0,0.0,266672.0,1111155556.0,33334.0,33334.0,1111155556.0,0.0
parallel_chunked,3,100000,8,1111155556.0,1111155556.0,66666.0,0.0,0.0,0.0,0.0,533344.0,1111155556.0,33334.0,33334.0,1111155556.0,0.0
parallel_chunked,4,10,1,9.0,9.0,4.0,0.0,0.0,0.0,0.0,0.0,9.0,3.0,3.0,9.0,0.0
parallel_chunked,4,10,2,9.0,9.0,4.0,0.0,0.0,0.0,0.0,12.0,9.0,3.0,3.0,9.0,0.0
parallel_chunked,4,10,4,9.0,9.0,4.0,0.0,0.0,0.0,0.0,18.0,9.0,3.0,3.0,9.0,0.0
parallel_chunked,4,10,8,9.0,9.0,4.0,0.0,0.0,0.0,0.0,18.0,9.0,3.0,3.0,9.0,0.0
parallel_chunked,4,50,1,169.0,169.0,24.0,0.0,0.0,0.0,0.0,0.0,169.0,13.0,13.0,169.0,0.0
parallel_chunked,4,50,2,169.0,169.0,24.0,0.0,0.0,0.0,0.0,52.0,169.0,13.0,13.0,169.0,0.0
parallel_chunked,4,50,4,169.0,169.0,24.0,0.0,0.0,0.0,0.0,104.0,169.0,13.0,13.0,169.0,0.0
parallel_chunked,4,50,8,169.0,169.0,24.0,0.0,0.0,0.0,0.0,208.0,169.0,13.0,13.0,169.0,0.0
parallel_chunked,4,100,1,625.0,625.0,49.0,0.0,0.0,0.0,0.0,0.0,625.0,25.0,25.0,625.0,0.0
parallel_chunked,4,100,2,625.0,625.0,49.0,0.0,0.0,0.0,0.0,100.0,625.0,25.0,25.0,625.0,0.0
parallel_chunked,4,100,4,625.0,625.0,49.0,0.0,0.0,0.0,0.0,200.0,625.0,25.0,25.0,625.0,0.0
parallel_chunked,4,100,8,625.0,625.0,49.0,0.0,0.0,0.0,0.0,400.0,625.0,25.0,25.0,625.0,0.0
parallel_chunked,4,500,1,15625.0,15625.0,249.0,0.0,0.0,0.0,0.0,0.0,15625.0,125.0,125.0,15625.0,0.0
parallel_chunked,4,500,2,15625.0,15625.0,249.0,0.0,0.0,0.0,0.0,500.0,15625.0,125.0,125.0,15625.0,0.0
parallel_chunked,4,500,4,15625.0,15625.0,249.0,0.0,0.0,0.0,0.0,1000.0,15625.0,125.0,125.0,15625.0,0.0
parallel_chunked,4,500,8,15625.0,15625.0,249.0,0.0,0.0,0.0,0.0,2000.0,15625.0,125.0,125.0,15625.0,0.0
parallel_chunked,4,1000,1,62500.0,62500.0,499.0,0.0,0.0,0.0,0.0,0.0,62500.0,250.0,250.0,62500.0,0.0
parallel_chunked,4,1000,2,62500.0,62500.0,499.0,0.0,0.0,0.0,0.0,1000.0,62500.0,250.0,250.0,62500.0,0.0
parallel_chunked,4,1000,4,62500.0,62500.0,499.0,0.0,0.0,0.0,0.0,2000.0,62500.0,250.0,250.0,62500.0,0.0
parallel_chunked,4,1000,8,62500.0,62500.0,499.0,0.0,0.0,0.0,0.0,4000.0,62500.0,250.0,250.0,62500.0,0.0
parallel_chunked,4,5000,1,1562500.0,1562500.0,2499.0,0.0,0.0,0.0,0.0,0.0,1562500.0,1250.0,1250.0,1562500.0,0.0
parallel_chunked,4,5000,2,1562500.0,1562500.0,2499.0,0.0,0.0,0.0,0.0,5000.0,1562500.0,1250.0,1250.0,1562500.0,0.0
parallel_chunked,4,5000,4,1562500.0,1562500.0,2499.0,0.0,0.0,0.0,0.0,10000.0,1562500.0,1250.0,1250.0,1562500.0,0.0
parallel_chunked,4,5000,8,1562500.0,1562500.0,2499.0,0.0,0.0,0.0,0.0,20000.0,1562500.0,1250.0,1250.0,1562500.0,0.0
parallel_chunked,4,10000,1,6250000.0,6250000.0,4999.0,0.0,0.0,0.0,0.0,0.0,6250000.0,2500.0,2500.0,6250000.0,0.0
parallel_chunked,4,10000,2,6250000.0,6250000.0,4999.0,0.0,0.0,0.0,0.0,10000.0,6250000.0,2500.0,2500.0,6250000.0,0.0
parallel_chunked,4,10000,4,6250000.0,6250000.0,4999.0,0.0,0.0,0.0,0.0,20000.0,6250000.0,2500.0,2500.0,6250000.0,0.0
parallel_chunked,4,10000,8,6250000.0,6250000.0,4999.0,0.0,0.0,0.0,0.0,40000.0,6250000.0,2500.0,2500.0,6250000.0,0.0
parallel_chunked,4,25000,1,39062500.0,39062500.0,12499.0,0.0,0.0,0.0,0.0,0.0,39062500.0,6250.0,6250.0,39062500.0,0.0
parallel_chunked,4,25000,2,39062500.0,39062500.0,12499.0,0.0,0.0,0.0,0.0,25000.0,39062500.0,6250.0,6250.0,39062500.0,0.0
parallel_chunked,4,25000,4,39062500.0,39062500.0,12499.0,0.0,0.0,0.0,0.0,50000.0,39062500.0,6250.0,6250.0,39062500.0,0.0
parallel_chunked,4,25000,8,39062500.0,39062500.0,12499.0,0.0,0.0,0.0,0.0,100000.0,39062500.0,6250.0,6250.0,39062500.0,0.0
parallel_chunked,4,50000,1,156250000.0,156250000.0,24999.0,0.0,0.0,0.0,0.0,0.0,156250000.0,12500.0,12500.0,156250000.0,0.0
parallel_chunked,4,50000,2,156250000.0,156250000.0,24999.0,0.0,0.0,0.0,0.0,50000.0,156250000.0,12500.0,12500.0,156250000.0,0.0
parallel_chunked,4,50000,4,156250000.0,156250000.0,24999.0,0.0,0.0,0.0,0.0,100000.0,156250000.0,12500.0,12500.0,156250000.0,0.0
parallel_chunked,4,50000,8,156250000.0,156250000.0,24999.0,0.0,0.0,0.0,0.0,200000.0,156250000.0,12500.0,12500.0,156250000.0,0.0
parallel_chunked,4,100000,1,625000000.0,625000000.0,49999.0,0.0,0.0,0.0,0.0,0.0,625000000.0,25000.0,25000.0,625000000.0,0.0
parallel_chunked,4,100000,2,625000000.0,625000000.0,49999.0,0.0,0.0,0.0,0.0,100000.0,625000000.0,25000.0,25000.0,625000000.0,0.0
parallel_chunked,4,100000,4,625000000.0,625000000.0,49999.0,0.0,0.0,0.0,0.0,200000.0,625000000.0,25000.0,25000.0,625000000.0,0.0
parallel_chunked,4,100000,8,625000000.0,625000000.0,49999.0,0.0,0.0,0.0,0.0,400000.0,625000000.0,25000.0,25000.0,625000000.0,0.0
parallel_chunked,5,10,1,4.0,4.0,3.0,0.0,0.0,0.0,0.0,0.0,4.0,2.0,2.0,4.0,0.0
parallel_chunked,5,10,2,4.0,4.0,3.0,0.0,0.0,0.0,0.0,8.0,4.0,2.0,2.0,4.0,0.0
parallel_chunked,5,10,4,4.0,4.0,3.0,0.0,0.0,0.0,0.0,8.0,4.0,2.0,2.0,4.0,0.0
parallel_chunked,5,10,8,4.0,4.0,3.0,0.0,0.0,0.0,0.0,8.0,4.0,2.0,2.0,4.0,0.0
parallel_chunked,5,50,1,100.0,100.0,19.0,0.0,0.0,0.0,0.0,0.0,100.0,10.0,10.0,100.0,0.0
parallel_chunked,5,50,2,100.0,100.0,19.0,0.0,0.0,0.0,0.0,40.0,100.0,10.0,10.0,100.0,0.0
parallel_chunked,5,50,4,100.0,100.0,19.0,0.0,0.0,0.0,0.0,80.0,100.0,10.0,10.0,100.0,0.0
parallel_chunked,5,50,8,100.0,100.0,19.0,0.0,0.0,0.0,0.0,160.0,100.0,10.0,10.0,100.0,0.0
parallel_chunked,5,100,1,400.0,400.0,39.0,0.0,0.0,0.0,0.0,0.0,400.0,20.0,20.0,400.0,0.0
parallel_chunked,5,100,2,400.0,400.0,39.0,0.0,0.0,0.0,0.0,80.0,400.0,20.0,20.0,400.0,0.0
parallel_chunked,5,100,4,400.0,400.0,39.0,0.0,0.0,0.0,0.0,160.0,400.0,20.0,20.0,400.0,0.0
parallel_chunked,5,100,8,400.0,400.0,39.0,0.0,0.0,0.0,0.0,320.0,400.0,20.0,20.0,400.0,0.0
parallel_chunked,5,500,1,10000.0,10000.0,199.0,0.0,0.0,0.0,0.0,0.0,10000.0,100.0,100.0,10000.0,0.0
parallel_chunked,5,500,2,10000.0,10000.0,199.0,0.0,0.0,0.0,0.0,400.0,10000.0,100.0,100.0,10000.0,0.0
parallel_chunked,5,500,4,10000.0,10000.0,199.0,0.0,0.0,0.0,0.0,800.0,10000.0,100.0,100.0,10000.0,0.0
parallel_chunked,5,500,8,10000.0,10000.0,199.0,0.0,0.0,0.0,0.0,1600.0,10000.0,100.0,100.0,10000.0,0.0
parallel_chunked,5,1000,1,40000.0,40000.0,399.0,0.0,0.0,0.0,0.0,0.0,40000.0,200.0,200.0,40000.0,0.0
parallel_chunked,5,1000,2,40000.0,40000.0,399.0,0.0,0.0,0.0,0.0,800.0,40000.0,200.0,200.0,40000.0,0.0
parallel_chunked,5,1000,4,40000.0,40000.0,399.0,0.0,0.0,0.0,0.0,1600.0,40000.0,200.0,200.0,40000.0,0.0
parallel_chunked,5,1000,8,40000.0,40000.0,399.0,0.0,0.0,0.0,0.0,3200.0,40000.0,200.0,200.0,40000.0,0.0
parallel_chunked,5,5000,1,1000000.0,1000000.0,1999.0,0.0,0.0,0.0,0.0,0.0,1000000.0,1000.0,1000.0,1000000.0,0.0
parallel_chunked,5,5000,2,1000000.0,1000000.0,1999.0,0.0,0.0,0.0,0.0,4000.0,1000000.0,1000.0,1000.0,1000000.0,0.0
parallel_chunked,5,5000,4,1000000.0,1000000.0,1999.0,0.0,0.0,0.0,0.0,8000.0,1000000.0,1000.0,1000.0,1000000.0,0.0
parallel_chunked,5,5000,8,1000000.0,1000000.0,1999.0,0.0,0.0,0.0,0.0,16000.0,1000000.0,1000.0,1000.0,1000000.0,0.0
parallel_chunked,5,10000,1,4000000.0,4000000.0,3999.0,0.0,0.0,0.0,0.0,0.0,4000000.0,2000.0,2000.0,4000000.0,0.0
parallel_chunked,5,10000,2,4000000.0,4000000.0,3999.0,0.0,0.0,0.0,0.0,8000.0,4000000.0,2000.0,2000.0,4000000.0,0.0
parallel_chunked,5,10000,4,4000000.0,4000000.0,3999.0,0.0,0.0,0.0,0.0,16000.0,4000000.0,2000.0,2000.0,4000000.0,0.0
parallel_chunked,5,10000,8,4000000.0,4000000.0,3999.0,0.0,0.0,0.0,0.0,32000.0,4000000.0,2000.0,2000.0,4000000.0,0.0
parallel_chunked,5,25000,1,25000000.0,25000000.0,9999.0,0.0,0.0,0.0,0.0,0.0,25000000.0,5000.0,5000.0,25000000.0,0.0
parallel_chunked,5,25000,2,25000000.0,25000000.0,9999.0,0.0,0.0,0.0,0.0,20000.0,25000000.0,5000.0,5000.0,25000000.0,0.0
parallel_chunked,5,25000,4,25000000.0,25000000.0,9999.0,0.0,0.0,0.0,0.0,40000.0,25000000.0,5000.0,5000.0,25000000.0,0.0
parallel_chunked,5,25000,8,25000000.0,25000000.0,9999.0,0.0,0.0,0.0,0.0,80000.0,25000000.0,5000.0,5000.0,25000000.0,0.0
parallel_chunked,5,50000,1,100000000.0,100000000.0,19999.0,0.0,0.0,0.0,0.0,0.0,100000000.0,10000.0,10000.0,100000000.0,0.0
parallel_chunked,5,50000,2,100000000.0,100000000.0,19999.0,0.0,0.0,0.0,0.0,40000.0,100000000.0,10000.0,10000.0,100000000.0,0.0
parallel_chunked,5,50000,4,100000000.0,100000000.0,19999.0,0.0,0.0,0.0,0.0,80000.0,100000000.0,10000.0,10000.0,100000000.0,0.0
parallel_chunked,5,50000,8,100000000.0,100000000.0,19999.0,0.0,0.0,0.0,0.0,160000.0,100000000.0,10000.0,10000.0,100000000.0,0.0
parallel_chunked,5,100000,1,400000000.0,400000000.0,39999.0,0.0,0.0,0.0,0.0,0.0,400000000.0,20000.0,20000.0,400000000.0,0.0
parallel_chunked,5,100000,2,400000000.0,400000000.0,39999.0,0.0,0.0,0.0,0.0,80000.0,400000000.0,20000.0,20000.0,400000000.0,0.0
parallel_chunked,5,100000,4,400000000.0,400000000.0,39999.0,0.0,0.0,0.0,0.0,160000.0,400000000.0,20000.0,20000.0,400000000.0,0.0
parallel_chunked,5,100000,8,400000000.0,400000000.0,39999.0,0.0,0.0,0.0,0.0,320000.0,400000000.0,20000.0,20000.0,400000000.0,0.0
parallel_chunked,6,10,1,4.0,4.0,3.0,0.0,0.0,0.0,0.0,0.0,4.0,2.0,2.0,4.0,0.0
parallel_chunked,6,10,2,4.0,4.0,3.0,0.0,0.0,0.0,0.0,8.0,4.0,2.0,2.0,4.0,0.0
parallel_chunked,6,10,4,4.0,4.0,3.0,0.0,0.0,0.0,0.0,8.0,4.0,2.0,2.0,4.0,0.0
parallel_chunked,6,10,8,4.0,4.0,3.0,0.0,0.0,0.0,0.0,8.0,4.0,2.0,2.0,4.0,0.0
parallel_chunked,6,50,1,81.0,81.0,16.0,0.0,0.0,0.0,0.0,0.0,81.0,9.0,9.0,81.0,0.0
parallel_chunked,6,50,2,81.0,81.0,16.0,0.0,0.0,0.0,0.0,36.0,81.0,9.0,9.0,81.0,0.0
parallel_chunked,6,50,4,81.0,81.0,16.0,0.0,0.0,0.0,0.0,72.0,81.0,9.0,9.0,81.0,0.0
parallel_chunked,6,50,8,81.0,81.0,16.0,0.0,0.0,0.0,0.0,144.0,81.0,9.0,9.0,81.0,0.0
parallel_chunked,6,100,1,289.0,289.0,33.0,0.0,0.0,0.0,0.0,0.0,289.0,17.0,17.0,289.0,0.0
parallel_chunked,6,100,2,289.0,289.0,33.0,0.0,0.0,0.0,0.0,68.0,289.0,17.0,17.0,289.0,0.0
parallel_chunked,6,100,4,289.0,289.0,33.0,0.0,0.0,0.0,0.0,136.0,289.0,17.0,17.0,289.0,0.0
parallel_chunked,6,100,8,289.0,289.0,33.0,0.0,0.0,0.0,0.0,272.0,289.0,17.0,17.0,289.0,0.0
parallel_chunked,6,500,1,7056.0,7056.0,166.0,0.0,0.0,0.0,0.0,0.0,7056.0,84.0,84.0,7056.0,0.0
parallel_chunked,6,500,2,7056.0,7056.0,166.0,0.0,0.0,0.0,0.0,336.0,7056.0,84.0,84.0,7056.0,0.0
parallel_chunked,6,500,4,7056.0,7056.0,166.0,0.0,0.0,0.0,0.0,672.0,7056.0,84.0,84.0,7056.0,0.0
parallel_chunked,6,500,8,7056.0,7056.0,166.0,0.0,0.0,0.0,0.0,1344.0,7056.0,84.0,84.0,7056.0,0.0
parallel_chunked,6,1000,1,27889.0,27889.0,333.0,0.0,0.0,0.0,0.0,0.0,27889.0,167.0,167.0,27889.0,0.0
parallel_chunked,6,1000,2,27889.0,27889.0,333.0,0.0,0.0,0.0,0.0,668.0,27889.0,167.0,167.0,27889.0,0.0
parallel_chunked,6,1000,4,27889.0,27889.0,333.0,0.0,0.0,0.0,0.0,1336.0,27889.0,167.0,167.0,27889.0,0.0
parallel_chunked,6,1000,8,27889.0,27889.0,333.0,0.0,0.0,0.0,0.0,2672.0,27889.0,167.0,167.0,27889.0,0.0
parallel_chunked,6,5000,1,695556.0,695556.0,1666.0,0.0,0.0,0.0,0.0,0.0,695556.0,834.0,834.0,695556.0,0.0
parallel_chunked,6,5000,2,695556.0,695556.0,1666.0,0.0,0.0,0.0,0.0,3336.0,695556.0,834.0,834.0,695556.0,0.0
parallel_chunked,6,5000,4,695556.0,695556.0,1666.0,0.0,0.0,0.0,0.0,6672.0,695556.0,834.0,834.0,695556.0,0.0
parallel_chunked,6,5000,8,695556.0,695556.0,1666.0,0.0,0.0,0.0,0.0,13344.0,695556.0,834.0,834.0,695556.0,0.0
parallel_chunked,6,10000,1,2778889.0,2778889.0,3333.0,0.0,0.0,0.0,0.0,0.0,2778889.0,1667.0,1667.0,2778889.0,0.0
parallel_chunked,6,10000,2,2778889.0,2778889.0,3333.0,0.0,0.0,0.0,0.0,6668.0,2778889.0,1667.0,1667.0,2778889.0,0.0
parallel_chunked,6,10000,4,2778889.0,2778889.0,3333.0,0.0,0.0,0.0,0.0,13336.0,2778889.0,1667.0,1667.0,2778889.0,0.0
parallel_chunked,6,10000,8,2778889.0,2778889.0,3333.0,0.0,0.0,0.0,0.0,26672.0,2778889.0,1667.0,1667.0,2778889.0,0.0
parallel_chunked,6,25000,1,17363889.0,17363889.0,8333.0,0.0,0.0,0.0,0.0,0.0,17363889.0,4167.0,4167.0,17363889.0,0.0
parallel_chunked,6,25000,2,17363889.0,17363889.0,8333.0,0.0,0.0,0.0,0.0,16668.0,17363889.0,4167.0,4167.0,17363889.0,0.0
parallel_chunked,6,25000,4,17363889.0,17363889.0,8333.0,0.0,0.0,0.0,0.0,33336.0,17363889.0,4167.0,4167.0,17363889.0,0.0
parallel_chunked,6,25000,8,17363889.0,17363889.0,8333.0,0.0,0.0,0.0,0.0,66672.0,17363889.0,4167.0,4167.0,17363889.0,0.0
parallel_chunked,6,50000,1,69455556.0,69455556.0,16666.0,0.0,0.0,0.0,0.0,0.0,69455556.0,8334.0,8334.0,69455556.0,0.0
parallel_chunked,6,50000,2,69455556.0,69455556.0,16666.0,0.0,0.0,0.0,0.0,33336.0,69455556.0,8334.0,8334.0,69455556.0,0.0
parallel_chunked,6,50000,4,69455556.0,69455556.0,16666.0,0.0,0.0,0.0,0.0,66672.0,69455556.0,8334.0,8334.0,69455556.0,0.0
parallel_chunked,6,50000,8,69455556.0,69455556.0,16666.0,0.0,0.0,0.0,0.0,133344.0,69455556.0,8334.0,8334.0,69455556.0,0.0
parallel_chunked,6,100000,1,277788889.0,277788889.0,33333.0,0.0,0.0,0.0,0.0,0.0,277788889.0,16667.0,16667.0,277788889.0,0.0
parallel_chunked,6,100000,2,277788889.0,277788889.0,33333.0,0.0,0.0,0.0,0.0,66668.0,277788889.0,16667.0,16667.0,277788889.0,0.0
parallel_chunked,6,100000,4,277788889.0,277788889.0,33333.0,0.0,0.0,0.0,0.0,133336.0,277788889.0,16667.0,16667.0,277788889.0,0.0
parallel_chunked,6,100000,8,277788889.0,277788889.0,33333.0,0.0,0.0,0.0,0.0,266672.0,277788889.0,16667.0,16667.0,277788889.0,0.0
parallel_chunked,7,10,1,4.0,4.0,2.0,0.0,0.0,0.0,0.0,0.0,4.0,2.0,2.0,4.0,0.0
parallel_chunked,7,10,2,4.0,4.0,2.0,0.0,0.0,0.0,0.0,8.0,4.0,2.0,2.0,4.0,0.0
parallel_chunked,7,10,4,4.0,4.0,2.0,0.0,0.0,0.0,0.0,8.0,4.0,2.0,2.0,4.0,0.0
parallel_chunked,7,10,8,4.0,4.0,2.0,0.0,0.0,0.0,0.0,8.0,4.0,2.0,2.0,4.0,0.0
parallel_chunked,7,50,1,64.0,64.0,14.0,0.0,0.0,0.0,0.0,0.0,64.0,8.0,8.0,64.0,0.0
parallel_chunked,7,50,2,64.0,64.0,14.0,0.0,0.0,0.0,0.0,32.0,64.0,8.0,8.0,64.0,0.0
parallel_chunked,7,50,4,64.0,64.0,14.0,0.0,0.0,0.0,0.0,64.0,64.0,8.0,8.0,64.0,0.0
parallel_chunked,7,50,8,64.0,64.0,14.0,0.0,0.0,0.0,0.0,128.0,64.0,8.0,8.0,64.0,0.0
parallel_chunked,7,100,1,225.0,225.0,28.0,0.0,0.0,0.0,0.0,0.0,225.0,15.0,15.0,225.0,0.0
parallel_chunked,7,100,2,225.0,225.0,28.0,0.0,0.0,0.0,0.0,60.0,225.0,15.0,15.0,225.0,0.0
parallel_chunked,7,100,4,225.0,225.0,28.0,0.0,0.0,0.0,0.0,120.0,225.0,15.0,15.0,225.0,0.0
parallel_chunked,7,100,8,225.0,225.0,28.0,0.0,0.0,0.0,0.0,240.0,225.0,15.0,15.0,225.0,0.0
parallel_chunked,7,500,1,5184.0,5184.0,142.0,0.0,0.0,0.0,0.0,0.0,5184.0,72.0,72.0,5184.0,0.0
parallel_chunked,7,500,2,5184.0,5184.0,142.0,0.0,0.0,0.0,0.0,288.0,5184.0,72.0,72.0,5184.0,0.0
parallel_chunked,7,500,4,5184.0,5184.0,142.0,0.0,0.0,0.0,0.0,576.0,5184.0,72.0,72.0,5184.0,0.0
parallel_chunked,7,500,8,5184.0,5184.0,142.0,0.0,0.0,0.0,0.0,1152.0,5184.0,72.0,72.0,5184.0,0.0
parallel_chunked,7,1000,1,20449.0,20449.0,285.0,0.0,0.0,0.0,0.0,0.0,20449.0,143.0,143.0,20449.0,0.0
parallel_chunked,7,1000,2,20449.0,20449.0,285.0,0.0,0.0,0.0,0.0,572.0,20449.0,143.0,143.0,20449.0,0.0
parallel_chunked,7,1000,4,20449.0,20449.0,285.0,0.0,0.0,0.0,0.0,1144.0,20449.0,143.0,143.0,20449.0,0.0
parallel_chunked,7,1000,8,20449.0,20449.0,285.0,0.0,0.0,0.0,0.0,2288.0,20449.0,143.0,143.0,20449.0,0.0
parallel_chunked,7,5000,1,511225.0,511225.0,1428.0,0.0,0.0,0.0,0.0,0.0,511225.0,715.0,715.0,511225.0,0.0
parallel_chunked,7,5000,2,511225.0,511225.0,1428.0,0.0,0.0,0.0,0.0,2860.0,511225.0,715.0,715.0,511225.0,0.0
parallel_chunked,7,5000,4,511225.0,511225.0,1428.0,0.0,0.0,0.0,0.0,5720.0,511225.0,715.0,715.0,511225.0,0.0
parallel_chunked,7,5000,8,511225.0,511225.0,1428.0,0.0,0.0,0.0,0.0,11440.0,511225.0,715.0,715.0,511225.0,0.0
parallel_chunked,7,10000,1,2042041.0,2042041.0,2857.0,0.0,0.0,0.0,0.0,0.0,2042041.0,1429.0,1429.0,2042041.0,0.0
parallel_chunked,7,10000,2,2042041.0,2042041.0,2857.0,0.0,0.0,0.0,0.0,5716.0,2042041.0,1429.0,1429.0,2042041.0,0.0
parallel_chunked,7,10000,4,2042041.0,2042041.0,2857.0,0.0,0.0,0.0,0.0,11432.0,2042041.0,1429.0,1429.0,2042041.0,0.0
parallel_chunked,7,10000,8,2042041.0,2042041.0,2857.0,0.0,0.0,0.0,0.0,22864.0,2042041.0,1429.0,1429.0,2042041.0,0.0
parallel_chunked,7,25000,1,12759184.0,12759184.0,7142.0,0.0,0.0,0.0,0.0,0.0,12759184.0,3572.0,3572.0,12759184.0,0.0
parallel_chunked,7,25000,2,12759184.0,12759184.0,7142.0,0.0,0.0,0.0,0.0,14288.0,12759184.0,3572.0,3572.0,12759184.0,0.0
parallel_chunked,7,25000,4,12759184.0,12759184.0,7142.0,0.0,0.0,0.0,0.0,28576.0,12759184.0,3572.0,3572.0,12759184.0,0.0
parallel_chunked,7,25000,8,12759184.0,12759184.0,7142.0,0.0,0.0,0.0,0.0,57152.0,12759184.0,3572.0,3572.0,12759184.0,0.0
parallel_chunked,7,50000,1,51022449.0,51022449.0,14285.0,0.0,0.0,0.0,0.0,0.0,51022449.0,7143.0,7143.0,51022449.0,0.0
parallel_chunked,7,50000,2,51022449.0,51022449.0,14285.0,0.0,0.0,0.0,0.0,28572.0,51022449.0,7143.0,7143.0,51022449.0,0.0
parallel_chunked,7,50000,4,51022449.0,51022449.0,14285.0,0.0,0.0,0.0,0.0,57144.0,51022449.0,7143.0,7143.0,51022449.0,0.0
parallel_chunked,7,50000,8,51022449.0,51022449.0,14285.0,0.0,0.0,0.0,0.0,114288.0,51022449.0,7143.0,7143.0,51022449.0,0.0
parallel_chunked,7,100000,1,204089796.0,204089796.0,28571.0,0.0,0.0,0.0,0.0,0.0,204089796.0,14286.0,14286.0,204089796.0,0.0
parallel_chunked,7,100000,2,204089796.0,204089796.0,28571.0,0.0,0.0,0.0,0.0,57144.0,204089796.0,14286.0,14286.0,204089796.0,0.0
parallel_chunked,7,100000,4,204089796.0,204089796.0,28571.0,0.0,0.0,0.0,0.0,114288.0,204089796.0,14286.0,14286.0,204089796.0,0.0
parallel_chunked,7,100000,8,204089796.0,204089796.0,28571.0,0.0,0.0,0.0,0.0,228576.0,204089796.0,14286.0,14286.0,204089796.0,0.0
parallel_chunked,8,10,1,4.0,4.0,2.0,0.0,0.0,0.0,0.0,0.0,4.0,2.0,2.0,4.0,0.0
parallel_chunked,8,10,2,4.0,4.0,2.0,0.0,0.0,0.0,0.0,8.0,4.0,2.0,2.0,4.0,0.0
parallel_chunked,8,10,4,4.0,4.0,2.0,0.0,0.0,0.0,0.0,8.0,4.0,2.0,2.0,4.0,0.0
parallel_chunked,8,10,8,4.0,4.0,2.0,0.0,0.0,0.0,0.0,8.0,4.0,2.0,2.0,4.0,0.0
parallel_chunked,8,50,1,49.0,49.0,12.0,0.0,0.0,0.0,0.0,0.0,49.0,7.0,7.0,49.0,0.0
parallel_chunked,8,50,2,49.0,49.0,12.0,0.0,0.0,0.0,0.0,28.0,49.0,7.0,7.0,49.0,0.0
parallel_chunked,8,50,4,49.0,49.0,12.0,0.0,0.0,0.0,0.0,56.0,49.0,7.0,7.0,49.0,0.0
parallel_chunked,8,50,8,49.0,49.0,12.0,0.0,0.0,0.0,0.0,98.0,49.0,7.0,7.0,49.0,0.0
parallel_chunked,8,100,1,169.0,169.0,24.0,0.0,0.0,0.0,0.0,0.0,169.0,13.0,13.0,169.0,0.0
parallel_chunked,8,100,2,169.0,169.0,24.0,0.0,0.0,0.0,0.0,52.0,169.0,13.0,13.0,169.0,0.0
parallel_chunked,8,100,4,169.0,169.0,24.0,0.0,0.0,0.0,0.0,104.0,169.0,13.0,13.0,169.0,0.0
parallel_chunked,8,100,8,169.0,169.0,24.0,0.0,0.0,0.0,0.0,208.0,169.0,13.0,13.0,169.0,0.0
parallel_chunked,8,500,1,3969.0,3969.0,124.0,0.0,0.0,0.0,0.0,0.0,3969.0,63.0,63.0,3969.0,0.0
parallel_chunked,8,500,2,3969.0,3969.0,124.0,0.0,0.0,0.0,0.0,252.0,3969.0,63.0,63.0,3969.0,0.0
parallel_chunked,8,500,4,3969.0,3969.0,124.0,0.0,0.0,0.0,0.0,504.0,3969.0,63.0,63.0,3969.0,0.0
parallel_chunked,8,500,8,3969.0,3969.0,124.0,0.0,0.0,0.0,0.0,1008.0,3969.0,63.0,63.0,3969.0,0.0
parallel_chunked,8,1000,1,15625.0,15625.0,249.0,0.0,0.0,0.0,0.0,0.0,15625.0,125.0,125.0,15625.0,0.0
parallel_chunked,8,1000,2,15625.0,15625.0,249.0,0.0,0.0,0.0,0.0,500.0,15625.0,125.0,125.0,15625.0,0.0
parallel_chunked,8,1000,4,15625.0,15625.0,249.0,0.0,0.0,0.0,0.0,1000.0,15625.0,125.0,125.0,15625.0,0.0
parallel_chunked,8,1000,8,15625.0,15625.0,249.0,0.0,0.0,0.0,0.0,2000.0,15625.0,125.0,125.0,15625.0,0.0
parallel_chunked,8,5000,1,390625.0,390625.0,1249.0,0.0,0.0,0.0,0.0,0.0,390625.0,625.0,625.0,390625.0,0.0
parallel_chunked,8,5000,2,390625.0,390625.0,1249.0,0.0,0.0,0.0,0.0,2500.0,390625.0,625.0,625.0,390625.0,0.0
parallel_chunked,8,5000,4,390625.0,390625.0,1249.0,0.0,0.0,0.0,0.0,5000.0,390625.0,625.0,625.0,390625.0,0.0
parallel_chunked,8,5000,8,390625.0,390625.0,1249.0,0.0,0.0,0.0,0.0,10000.0,390625.0,625.0,625.0,390625.0,0.0
parallel_chunked,8,10000,1,1562500.0,1562500.0,2499.0,0.0,0.0,0.0,0.0,0.0,1562500.0,1250.0,1250.0,1562500.0,0.0
parallel_chunked,8,10000,2,1562500.0,1562500.0,2499.0,0.0,0.0,0.0,0.0,5000.0,1562500.0,1250.0,1250.0,1562500.0,0.0
parallel_chunked,8,10000,4,1562500.0,1562500.0,2499.0,0.0,0.0,0.0,0.0,10000.0,1562500.0,1250.0,1250.0,1562500.0,0.0
parallel_chunked,8,10000,8,1562500.0,1562500.0,2499.0,0.0,0.0,0.0,0.0,20000.0,1562500.0,1250.0,1250.0,1562500.0,0.0
parallel_chunked,8,25000,1,9765625.0,9765625.0,6249.0,0.0,0.0,0.0,0.0,0.0,9765625.0,3125.0,3125.0,9765625.0,0.0
parallel_chunked,8,25000,2,9765625.0,9765625.0,6249.0,0.0,0.0,0.0,0.0,12500.0,9765625.0,3125.0,3125.0,9765625.0,0.0
parallel_chunked,8,25000,4,9765625.0,9765625.0,6249.0,0.0,0.0,0.0,0.0,25000.0,9765625.0,3125.0,3125.0,9765625.0,0.0
parallel_chunked,8,25000,8,9765625.0,9765625.0,6249.0,0.0,0.0,0.0,0.0,50000.0,9765625.0,3125.0,3125.0,9765625.0,0.0
parallel_chunked,8,50000,1,39062500.0,39062500.0,12499.0,0.0,0.0,0.0,0.0,0.0,39062500.0,6250.0,6250.0,39062500.0,0.0
parallel_chunked,8,50000,2,39062500.0,39062500.0,12499.0,0.0,0.0,0.0,0.0,25000.0,39062500.0,6250.0,6250.0,39062500.0,0.0
parallel_chunked,8,50000,4,39062500.0,39062500.0,12499.0,0.0,0.0,0.0,0.0,50000.0,39062500.0,6250.0,6250.0,39062500.0,0.0
parallel_chunked,8,50000,8,39062500.0,39062500.0,12499.0,0.0,0.0,0.0,0.0,100000.0,39062500.0,6250.0,6250.0,39062500.0,0.0
parallel_chunked,8,100000,1,156250000.0,156250000.0,24999.0,0.0,0.0,0.0,0.0,0.0,156250000.0,12500.0,12500.0,156250000.0,0.0
parallel_chunked,8,100000,2,156250000.0,156250000.0,24999.0,0.0,0.0,0.0,0.0,50000.0,156250000.0,12500.0,12500.0,156250000.0,0.0
parallel_chunked,8,100000,4,156250000.0,156250000.0,24999.0,0.0,0.0,0.0,0.0,100000.0,156250000.0,12500.0,12500.0,156250000.0,0.0
parallel_chunked,8,100000,8,156250000.0,156250000.0,24999.0,0.0,0.0,0.0,0.0,200000.0,156250000.0,12500.0,12500.0,156250000.0,0.0
parallel_chunked,9,10,1,4.0,4.0,1.8,0.0,0.0,0.0,0.0,0.0,4.0,2.0,2.0,4.0,0.0
parallel_chunked,9,10,2,4.0,4.0,1.8,0.0,0.0,0.0,0.0,8.0,4.0,2.0,2.0,4.0,0.0
parallel_chunked,9,10,4,4.0,4.0,1.8,0.0,0.0,0.0,0.0,8.0,4.0,2.0,2.0,4.0,0.0
parallel_chunked,9,10,8,4.0,4.0,1.8,0.0,0.0,0.0,0.0,8.0,4.0,2.0,2.0,4.0,0.0
parallel_chunked,9,50,1,36.0,36.0,10.6,0.0,0.0,0.0,0.0,0.0,36.0,6.0,6.0,36.0,0.0
parallel_chunked,9,50,2,36.0,36.0,10.6,0.0,0.0,0.0,0.0,24.0,36.0,6.0,6.0,36.0,0.0
parallel_chunked,9,50,4,36.0,36.0,10.6,0.0,0.0,0.0,0.0,48.0,36.0,6.0,6.0,36.0,0.0
parallel_chunked,9,50,8,36.0,36.0,10.6,0.0,0.0,0.0,0.0,72.0,36.0,6.0,6.0,36.0,0.0
parallel_chunked,9,100,1,144.0,144.0,22.0,0.0,0.0,0.0,0.0,0.0,144.0,12.0,12.0,144.0,0.0
parallel_chunked,9,100,2,144.0,144.0,22.0,0.0,0.0,0.0,0.0,48.0,144.0,12.0,12.0,144.0,0.0
parallel_chunked,9,100,4,144.0,144.0,22.0,0.0,0.0,0.0,0.0,96.0,144.0,12.0,12.0,144.0,0.0
parallel_chunked,9,100,8,144.0,144.0,22.0,0.0,0.0,0.0,0.0,192.0,144.0,12.0,12.0,144.0,0.0
parallel_chunked,9,500,1,3136.0,3136.0,110.8,0.0,0.0,0.0,0.0,0.0,3136.0,56.0,56.0,3136.0,0.0
parallel_chunked,9,500,2,3136.0,3136.0,110.8,0.0,0.0,0.0,0.0,224.0,3136.0,56.0,56.0,3136.0,0.0
parallel_chunked,9,500,4,3136.0,3136.0,110.8,0.0,0.0,0.0,0.0,448.0,3136.0,56.0,56.0,3136.0,0.0
parallel_chunked,9,500,8,3136.0,3136.0,110.8,0.0,0.0,0.0,0.0,896.0,3136.0,56.0,56.0,3136.0,0.0
parallel_chunked,9,1000,1,12544.0,12544.0,221.8,0.0,0.0,0.0,0.0,0.0,12544.0,112.0,112.0,12544.0,0.0
parallel_chunked,9,1000,2,12544.0,12544.0,221.8,0.0,0.0,0.0,0.0,448.0,12544.0,112.0,112.0,12544.0,0.0
parallel_chunked,9,1000,4,12544.0,12544.0,221.8,0.0,0.0,0.0,0.0,896.0,12544.0,112.0,112.0,12544.0,0.0
parallel_chunked,9,1000,8,12544.0,12544.0,221.8,0.0,0.0,0.0,0.0,1792.0,12544.0,112.0,112.0,12544.0,0.0
parallel_chunked,9,5000,1,309136.0,309136.0,1110.8,0.0,0.0,0.0,0.0,0.0,309136.0,556.0,556.0,309136.0,0.0
parallel_chunked,9,5000,2,309136.0,309136.0,1110.8,0.0,0.0,0.0,0.0,2224.0,309136.0,556.0,556.0,309136.0,0.0
parallel_chunked,9,5000,4,309136.0,309136.0,1110.8,0.0,0.0,0.0,0.0,4448.0,309136.0,556.0,556.0,309136.0,0.0
parallel_chunked,9,5000,8,309136.0,309136.0,1110.8,0.0,0.0,0.0,0.0,8896.0,309136.0,556.0,556.0,309136.0,0.0
parallel_chunked,9,10000,1,1236544.0,1236544.0,2222.0,0.0,0.0,0.0,0.0,0.0,1236544.0,1112.0,1112.0,1236544.0,0.0
parallel_chunked,9,10000,2,1236544.0,1236544.0,2222.0,0.0,0.0,0.0,0.0,4448.0,1236544.0,1112.0,1112.0,1236544.0,0.0
parallel_chunked,9,10000,4,1236544.0,1236544.0,2222.0,0.0,0.0,0.0,0.0,8896.0,1236544.0,1112.0,1112.0,1236544.0,0.0
parallel_chunked,9,10000,8,1236544.0,1236544.0,2222.0,0.0,0.0,0.0,0.0,17792.0,1236544.0,1112.0,1112.0,1236544.0,0.0
parallel_chunked,9,25000,1,7717284.0,7717284.0,5555.0,0.0,0.0,0.0,0.0,0.0,7717284.0,2778.0,2778.0,7717284.0,0.0
parallel_chunked,9,25000,2,7717284.0,7717284.0,5555.0,0.0,0.0,0.0,0.0,11112.0,7717284.0,2778.0,2778.0,7717284.0,0.0
parallel_chunked,9,25000,4,7717284.0,7717284.0,5555.0,0.0,0.0,0.0,0.0,22224.0,7717284.0,2778.0,2778.0,7717284.0,0.0
parallel_chunked,9,25000,8,7717284.0,7717284.0,5555.0,0.0,0.0,0.0,0.0,44448.0,7717284.0,2778.0,2778.0,7717284.0,0.0
parallel_chunked,9,50000,1,30869136.0,30869136.0,11110.6,0.0,0.0,0.0,0.0,0.0,30869136.0,5556.0,5556.0,30869136.0,0.0
parallel_chunked,9,50000,2,30869136.0,30869136.0,11110.6,0.0,0.0,0.0,0.0,22224.0,30869136.0,5556.0,5556.0,30869136.0,0.0
parallel_chunked,9,50000,4,30869136.0,30869136.0,11110.6,0.0,0.0,0.0,0.0,44448.0,30869136.0,5556.0,5556.0,30869136.0,0.0
parallel_chunked,9,50000,8,30869136.0,30869136.0,11110.6,0.0,0.0,0.0,0.0,88896.0,30869136.0,5556.0,5556.0,30869136.0,0.0
parallel_chunked,9,100000,1,123476544.0,123476544.0,22222.0,0.0,0.0,0.0,0.0,0.0,123476544.0,11112.0,11112.0,123476544.0,0.0
parallel_chunked,9,100000,2,123476544.0,123476544.0,22222.0,0.0,0.0,0.0,0.0,44448.0,123476544.0,11112.0,11112.0,123476544.0,0.0
parallel_chunked,9,100000,4,123476544.0,123476544.0,22222.0,0.0,0.0,0.0,0.0,88896.0,123476544.0,11112.0,11112.0,123476544.0,0.0
parallel_chunked,9,100000,8,123476544.0,123476544.0,22222.0,0.0,0.0,0.0,0.0,177792.0,123476544.0,11112.0,11112.0,123476544.0,0.0
parallel_chunked,10,10,1,1.0,1.0,1.0,0.0,0.0,0.0,0.0,0.0,1.0,1.0,1.0,1.0,0.0
parallel_chunked,10,10,2,1.0,1.0,1.0,0.0,0.0,0.0,0.0,0.0,1.0,1.0,1.0,1.0,0.0
parallel_chunked,10,10,4,1.0,1.0,1.0,0.0,0.0,0.0,0.0,0.0,1.0,1.0,1.0,1.0,0.0
parallel_chunked,10,10,8,1.0,1.0,1.0,0.0,0.0,0.0,0.0,0.0,1.0,1.0,1.0,1.0,0.0
parallel_chunked,10,50,1,25.0,25.0,9.0,0.0,0.0,0.0,0.0,0.0,25.0,5.0,5.0,25.0,0.0
parallel_chunked,10,50,2,25.0,25.0,9.0,0.0,0.0,0.0,0.0,20.0,25.0,5.0,5.0,25.0,0.0
parallel_chunked,10,50,4,25.0,25.0,9.0,0.0,0.0,0.0,0.0,40.0,25.0,5.0,5.0,25.0,0.0
parallel_chunked,10,50,8,25.0,25.0,9.0,0.0,0.0,0.0,0.0,50.0,25.0,5.0,5.0,25.0,0.0
parallel_chunked,10,100,1,100.0,100.0,19.0,0.0,0.0,0.0,0.0,0.0,100.0,10.0,10.0,100.0,0.0
parallel_chunked,10,100,2,100.0,100.0,19.0,0.0,0.0,0.0,0.0,40.0,100.0,10.0,10.0,100.0,0.0
parallel_chunked,10,100,4,100.0,100.0,19.0,0.0,0.0,0.0,0.0,80.0,100.0,10.0,10.0,100.0,0.0
parallel_chunked,10,100,8,100.0,100.0,19.0,0.0,0.0,0.0,0.0,160.0,100.0,10.0,10.0,100.0,0.0
parallel_chunked,10,500,1,2500.0,2500.0,99.0,0.0,0.0,0.0,0.0,0.0,2500.0,50.0,50.0,2500.0,0.0
parallel_chunked,10,500,2,2500.0,2500.0,99.0,0.0,0.0,0.0,0.0,200.0,2500.0,50.0,50.0,2500.0,0.0
parallel_chunked,10,500,4,2500.0,2500.0,99.0,0.0,0.0,0.0,0.0,400.0,2500.0,50.0,50.0,2500.0,0.0
parallel_chunked,10,500,8,2500.0,2500.0,99.0,0.0,0.0,0.0,0.0,800.0,2500.0,50.0,50.0,2500.0,0.0
parallel_chunked,10,1000,1,10000.0,10000.0,199.0,0.0,0.0,0.0,0.0,0.0,10000.0,100.0,100.0,10000.0,0.0
parallel_chunked,10,1000,2,10000.0,10000.0,199.0,0.0,0.0,0.0,0.0,400.0,10000.0,100.0,100.0,10000.0,0.0
parallel_chunked,10,1000,4,10000.0,10000.0,199.0,0.0,0.0,0.0,0.0,800.0,10000.0,100.0,100.0,10000.0,0.0
parallel_chunked,10,1000,8,10000.0,10000.0,199.0,0.0,0.0,0.0,0.0,1600.0,10000.0,100.0,100.0,10000.0,0.0
parallel_chunked,10,5000,1,250000.0,250000.0,999.0,0.0,0.0,0.0,0.0,0.0,250000.0,500.0,500.0,250000.0,0.0
parallel_chunked,10,5000,2,250000.0,250000.0,999.0,0.0,0.0,0.0,0.0,2000.0,250000.0,500.0,500.0,250000.0,0.0
parallel_chunked,10,5000,4,250000.0,250000.0,999.0,0.0,0.0,0.0,0.0,4000.0,250000.0,500.0,500.0,250000.0,0.0
parallel_chunked,10,5000,8,250000.0,250000.0,999.0,0.0,0.0,0.0,0.0,8000.0,250000.0,500.0,500.0,250000.0,0.0
parallel_chunked,10,10000,1,1000000.0,1000000.0,1999.0,0.0,0.0,0.0,0.0,0.0,1000000.0,1000.0,1000.0,1000000.0,0.0
parallel_chunked,10,10000,2,1000000.0,1000000.0,1999.0,0.0,0.0,0.0,0.0,4000.0,1000000.0,1000.0,1000.0,1000000.0,0.0
parallel_chunked,10,10000,4,1000000.0,1000000.0,1999.0,0.0,0.0,0.0,0.0,8000.0,1000000.0,1000.0,1000.0,1000000.0,0.0
parallel_chunked,10,10000,8,1000000.0,1000000.0,1999.0,0.0,0.0,0.0,0.0,16000.0,1000000.0,1000.0,1000.0,1000000.0,0.0
parallel_chunked,10,25000,1,6250000.0,6250000.0,4999.0,0.0,0.0,0.0,0.0,0.0,6250000.0,2500.0,2500.0,6250000.0,0.0
parallel_chunked,10,25000,2,6250000.0,6250000.0,4999.0,0.0,0.0,0.0,0.0,10000.0,6250000.0,2500.0,2500.0,6250000.0,0.0
parallel_chunked,10,25000,4,6250000.0,6250000.0,4999.0,0.0,0.0,0.0,0.0,20000.0,6250000.0,2500.0,2500.0,6250000.0,0.0
parallel_chunked,10,25000,8,6250000.0,6250000.0,4999.0,0.0,0.0,0.0,0.0,40000.0,6250000.0,2500.0,2500.0,6250000.0,0.0
parallel_chunked,10,50000,1,25000000.0,25000000.0,9999.0,0.0,0.0,0.0,0.0,0.0,25000000.0,5000.0,5000.0,25000000.0,0.0
parallel_chunked,10,50000,2,25000000.0,25000000.0,9999.0,0.0,0.0,0.0,0.0,20000.0,25000000.0,5000.0,5000.0,25000000.0,0.0
parallel_chunked,10,50000,4,25000000.0,25000000.0,9999.0,0.0,0.0,0.0,0.0,40000.0,25000000.0,5000.0,5000.0,25000000.0,0.0
parallel_chunked,10,50000,8,25000000.0,25000000.0,9999.0,0.0,0.0,0.0,0.0,80000.0,25000000.0,5000.0,5000.0,25000000.0,0.0
parallel_chunked,10,100000,1,100000000.0,100000000.0,19999.0,0.0,0.0,0.0,0.0,0.0,100000000.0,10000.0,10000.0,100000000.0,0.0
parallel_chunked,10,100000,2,100000000.0,100000000.0,19999.0,0.0,0.0,0.0,0.0,40000.0,100000000.0,10000.0,10000.0,100000000.0,0.0
parallel_chunked,10,100000,4,100000000.0,100000000.0,19999.0,0.0,0.0,0.0,0.0,80000.0,100000000.0,10000.0,10000.0,100000000.0,0.0
parallel_chunked,10,100000,8,100000000.0,100000000.0,19999.0,0.0,0.0,0.0,0.0,160000.0,100000000.0,10000.0,10000.0,100000000.0,0.0
schoolbook,0,10,1,100.0,100.0,17.4,0.0,0.0,0.0,0.0,0.0,0.0,0.0,0.0,0.0,0.0
schoolbook,0,50,1,2500.0,2500.0,98.0,0.0,0.0,0.0,0.0,0.0,0.0,0.0,0.0,0.0,0.0
schoolbook,0,100,1,10000.0,10000.0,198.6,0.0,0.0,0.0,0.0,0.0,0.0,0.0,0.0,0.0,0.0
schoolbook,0,500,1,250000.0,250000.0,998.0,0.0,0.0,0.0,0.0,0.0,0.0,0.0,0.0,0.0,0.0
schoolbook,0,1000,1,1000000.0,1000000.0,1997.2,0.0,0.0,0.0,0.0,0.0,0.0,0.0,0.0,0.0,0.0
schoolbook,0,5000,1,25000000.0,25000000.0,9997.6,0.0,0.0,0.0,0.0,0.0,0.0,0.0,0.0,0.0,0.0
schoolbook,0,10000,1,100000000.0,100000000.0,19998.8,0.0,0.0,0.0,0.0,0.0,0.0,0.0,0.0,0.0,0.0
schoolbook,0,25000,1,625000000.0,625000000.0,49999.0,0.0,0.0,0.0,0.0,0.0,0.0,0.0,0.0,0.0,0.0
schoolbook,0,50000,1,2500000000.0,2500000000.0,99998.0,0.0,0.0,0.0,0.0,0.0,0.0,0.0,0.0,0.0,0.0
