algorithm,chunk_size,digits,threads,mean_ns,median_ns,min_ns,max_ns,stddev_ns,cv,speedup_vs_schoolbook,parallel_speedup,parallel_efficiency
boost_cpp_int,0,10,1,156.0,135.0,121.0,267.0,62.473994589749104,0.40047432429326346,6.644871794871794,,
boost_cpp_int,0,50,1,499.4,466.0,370.0,729.0,135.1806199127671,0.2706860631012557,10.146575891069283,,
boost_cpp_int,0,100,1,420.2,441.0,341.0,489.0,69.24738262201684,0.16479624612569455,35.01380295097572,,
boost_cpp_int,0,500,1,2101.6,2113.0,2077.0,2114.0,16.816658407662334,0.008001835938172028,147.27807384849638,,
boost_cpp_int,0,1000,1,7274.4,7280.0,7215.0,7320.0,42.06304791619353,0.005782339150472002,167.64552402947325,,
boost_cpp_int,0,5000,1,171222.0,160781.0,160711.0,201494.0,17651.811720047324,0.10309312892062542,168.54536916984966,,
boost_cpp_int,0,10000,1,657793.0,639465.0,637740.0,709017.0,30861.56741806872,0.04691683769524565,173.66288270018075,,
boost_cpp_int,0,25000,1,4154470.6,4115688.0,4097126.0,4296047.0,82752.5414068958,0.019918913713553733,167.05743254026157,,
boost_cpp_int,0,50000,1,16342728.8,16331763.0,16208237.0,16517310.0,136429.32090170353,0.008348013515448137,170.76585196714515,,
boost_cpp_int,0,100000,1,64469793.0,64576031.0,63864200.0,64884749.0,406208.40453823766,0.006300755526518251,,,
chunked,3,10,1,2363.2,1990.0,1952.0,3681.0,743.5789803376639,0.3146491961483006,0.4386425186188219,,
chunked,3,50,1,5743.4,5676.0,4967.0,6837.0,719.937705638481,0.1253504380050982,0.8822648605355713,,
chunked,3,100,1,9255.0,9279.0,8989.0,9480.0,176.93360336578252,0.019117623270208807,1.5897136682874122,,
chunked,3,500,1,65895.0,66051.0,63823.0,68553.0,1943.3028585374964,0.029490900046096006,4.697163669474163,,
chunked,3,1000,1,225473.2,226831.0,210468.0,233094.0,8903.451280262057,0.039487847248640004,5.408716423947503,,
chunked,3,5000,1,4838131.2,4803520.0,4658568.0,5036927.0,141266.08415221266,0.029198481461646317,5.964839316469962,,
chunked,3,10000,1,18650183.8,18585197.0,18405637.0,18946088.0,238964.51329371083,0.012812984357489862,6.125099346205906,,
chunked,3,25000,1,118357087.2,118113898.0,116499399.0,120648793.0,1610268.465423608,0.013605171464743583,5.863909026649314,,
chunked,3,50000,1,476772322.2,477909630.0,474092623.0,479300066.0,2474228.3105094004,0.005189538476336915,5.853485777283235,,
chunked,3,100000,1,1918082788.6,1920313832.0,1910150447.0,1927417272.0,7258356.51704033,0.0037841726958710536,,,
chunked,4,10,1,1949.4,1755.0,1733.0,2613.0,377.3000132520538,0.1935467391259125,0.5317533600082076,,
chunked,4,50,1,4232.2,4057.0,3297.0,5424.0,804.9544707621668,0.1901976444313045,1.1972969141344927,,
chunked,4,100,1,6206.6,6072.0,5908.0,6550.0,287.6348379456146,0.04634338251951384,2.3705088131988528,,
chunked,4,500,1,39867.0,39472.0,39031.0,41952.0,1180.191933543015,0.029603229075250582,7.763804650462788,,
chunked,4,1000,1,134294.4,134249.0,133323.0,135274.0,748.9708272022344,0.005577081599845075,9.080949019467678,,
chunked,4,5000,1,2656619.2,2600526.0,2537758.0,2807818.0,133176.02922147815,0.05012989035894875,10.862932557289353,,
chunked,4,10000,1,10606594.0,10549982.0,10469380.0,10821151.0,147241.09666631807,0.013882033824083213,10.770114194999827,,
chunked,4,25000,1,65479484.4,65711836.0,64616336.0,65816959.0,496242.4650100998,0.00757859457137234,10.599276985143762,,
chunked,4,50000,1,266013200.8,265062087.0,263002180.0,270427447.0,2771934.3672094224,0.010420288763389152,10.491133517461137,,
chunked,4,100000,1,1074386173.8,1075460485.0,1067770230.0,1078651243.0,4280728.178063478,0.00398434779081618,,,
chunked,5,10,1,1645.6,1446.0,1392.0,2420.0,437.3085866982262,0.26574415817830954,0.6299222168206126,,
chunked,5,50,1,3685.0,3664.0,2676.0,4794.0,764.8764606130849,0.20756484684208545,1.375088195386703,,
chunked,5,100,1,5725.8,5462.0,5084.0,6996.0,737.3358800438236,0.12877429879559601,2.569562331901219,,
chunked,5,500,1,29861.8,29843.0,28470.0,31272.0,997.3230168806897,0.03339795380320978,10.365068415165863,,
chunked,5,1000,1,89268.2,88429.0,85718.0,92700.0,3020.5598322165374,0.03383690756861388,13.661310522672128,,
chunked,5,5000,1,1769369.6,1773455.0,1708446.0,1823010.0,40695.01636932953,0.02299972621284413,16.310145263036055,,
chunked,5,10000,1,6750680.2,6707780.0,6680616.0,6846914.0,73500.50270712444,0.010887866189709956,16.921884197684257,,
chunked,5,25000,1,42294026.4,42291711.0,41635988.0,43220194.0,592596.7118093887,0.014011357211650786,16.40976873273054,,
chunked,5,50000,1,168409076.6,168148531.0,166571242.0,170395711.0,1400439.5154266052,0.008315700933108764,16.571434647958874,,
chunked,5,100000,1,688854717.2,685221370.0,682952254.0,704575915.0,9048757.186731605,0.01313594428664472,,,
chunked,6,10,1,1308.8,1394.0,892.0,1447.0,234.12752935099283,0.17888717095888818,0.792023227383863,,
chunked,6,50,1,3639.2,3453.0,3308.0,4640.0,563.6636408355608,0.15488668961188198,1.3923939327324686,,
chunked,6,100,1,5132.0,4962.0,4505.0,6321.0,699.8928489418934,0.13637818568626137,2.866874512860483,,
chunked,6,500,1,23476.4,23425.0,22720.0,24431.0,750.1351878161693,0.03195273499412896,13.18428719905948,,
chunked,6,1000,1,67622.6,67755.0,65421.0,70082.0,2000.6642147047062,0.029585733389498572,18.03421637144978,,
chunked,6,5000,1,1246775.2,1242106.0,1199510.0,1293243.0,40988.481231926584,0.03287559877027277,23.14665482598627,,
chunked,6,10000,1,4792985.8,4626464.0,4580650.0,5459290.0,374120.99750642176,0.07805593697073372,23.833625503334478,,
chunked,6,25000,1,29069767.8,29012990.0,28813585.0,29365300.0,224133.2203572243,0.007710182685299064,23.874810310662337,,
chunked,6,50000,1,122772895.0,117548650.0,116372510.0,144684921.0,12263029.041704744,0.099883846851577,22.73123890252812,,
chunked,6,100000,1,473790425.0,474196704.0,471989001.0,475181756.0,1457066.9194004093,0.0030753405778523473,,,
chunked,7,10,1,1305.2,1432.0,753.0,1499.0,310.9392223570387,0.2382310928264164,0.7942077842476248,,
chunked,7,50,1,3524.8,3178.0,3108.0,4370.0,548.3262714844146,0.15556237842839724,1.4375851112119835,,
chunked,7,100,1,5046.2,4842.0,4414.0,5956.0,649.7285587074037,0.12875600624378816,2.915619674210297,,
chunked,7,500,1,19861.0,19798.0,19668.0,20073.0,164.8954214039915,0.008302473259352072,15.58429082120739,,
chunked,7,1000,1,53156.4,53529.0,50849.0,55265.0,1734.6278563426804,0.03263253072711245,22.9421217388687,,
chunked,7,5000,1,952067.0,967353.0,863412.0,1018086.0,57856.342716248495,0.06076919241634097,30.311601179328765,,
chunked,7,10000,1,3387166.6,3410669.0,3241510.0,3574286.0,132296.9265697431,0.03905828741041055,33.72560080156671,,
chunked,7,25000,1,21496494.4,21564304.0,21043588.0,21875428.0,303461.3014295234,0.014116780893796498,32.2859708697433,,
chunked,7,50000,1,97390248.0,86811063.0,85188686.0,141714561.0,24787106.926930822,0.2545132334700577,28.65564124038374,,
chunked,7,100000,1,348640323.6,348553773.0,346735515.0,350087195.0,1397317.9596615848,0.004007906903117573,,,
chunked,8,10,1,1290.6,1403.0,742.0,1479.0,308.3574224824173,0.2389256334126897,0.8031923136525647,,
chunked,8,50,1,3284.2,3242.0,2855.0,4077.0,480.0048958083657,0.14615580531282069,1.5429023810973754,,
chunked,8,100,1,4916.4,4466.0,4095.0,6213.0,963.2236500418788,0.19592052112152772,2.9925962086079245,,
chunked,8,500,1,20092.0,16757.0,16569.0,33561.0,7531.281033131084,0.3748397886288614,15.405116464264383,,
chunked,8,1000,1,43364.0,42672.0,41928.0,45904.0,1608.156086951761,0.03708504951000279,28.122880730559913,,
chunked,8,5000,1,705026.6,717344.0,671129.0,729623.0,25631.319207173085,0.03635510944859823,40.93274665097742,,
chunked,8,10000,1,2654239.2,2655183.0,2634486.0,2670893.0,16011.222679733042,0.006032320930130578,43.0384076160129,,
chunked,8,25000,1,16591436.0,16579899.0,16399404.0,16743533.0,147748.43856535337,0.008905102521888603,41.83092964346184,,
chunked,8,50000,1,67302483.0,65986495.0,65269545.0,70110495.0,2232463.6527629066,0.03317059866517713,41.4662265432317,,
chunked,8,100000,1,265773390.0,265400561.0,264346324.0,267360842.0,1141718.8504691098,0.004295835826412531,,,
chunked,9,10,1,1402.8,1544.0,833.0,1553.0,318.61057735109796,0.22712473435350583,0.7389506700883945,,
chunked,9,50,1,2904.4,2730.0,2626.0,3692.0,442.87955473243517,0.15248573017918854,1.7446632695221043,,
chunked,9,100,1,4347.0,4126.0,4010.0,5168.0,477.5510443921153,0.10985761315668628,3.384587071543593,,
chunked,9,500,1,16092.2,15244.0,14843.0,20241.0,2328.2799874585535,0.1446837590546074,19.234138278172033,,
chunked,9,1000,1,39546.2,39030.0,38437.0,41337.0,1154.116848503652,0.02918401384971633,30.837870642438467,,
chunked,9,5000,1,622934.6,583239.0,566940.0,785501.0,91844.29024876833,0.1474380942217182,46.32697429232539,,
chunked,9,10000,1,2118817.4,2149639.0,2019759.0,2175563.0,68053.81333400792,0.0321187721669682,53.91414503203532,,
chunked,9,25000,1,13746022.6,13232704.0,13071660.0,16015713.0,1270501.7664024716,0.09242686436456693,50.48989167237365,,
chunked,9,50000,1,52390178.0,52324758.0,51933086.0,52899923.0,372545.6386961197,0.007110982495537994,53.26914535392493,,
chunked,9,100000,1,210496266.2,209303916.0,208863572.0,213308838.0,1996834.0770985938,0.009486315900735887,,,
chunked,10,10,1,1218.6,1234.0,788.0,1593.0,286.1945142730727,0.23485517337360307,0.850648284917118,,
chunked,10,50,1,2795.2,2735.0,2041.0,3720.0,599.8330601092274,0.21459396827033037,1.8128219805380652,,
chunked,10,100,1,4165.0,4113.0,3394.0,5101.0,608.2980355056228,0.14604994850074976,3.532484993997599,,
chunked,10,500,1,17045.6,15956.0,15835.0,20320.0,1916.553495209565,0.11243684559121211,18.158328248932275,,
chunked,10,1000,1,37487.8,37380.0,36420.0,39091.0,1069.1586411753872,0.028520175661825638,32.53113279520271,,
chunked,10,5000,1,518888.4,502696.0,447425.0,656779.0,84526.44985328557,0.1628990932410236,55.61634293616893,,
chunked,10,10000,1,1813708.8,1793216.0,1788516.0,1849679.0,32362.275626105165,0.017843148594804837,62.98377589610857,,
chunked,10,25000,1,11211398.0,10850568.0,10743981.0,12179298.0,619362.7943608658,0.055244028832164005,61.90442904622599,,
chunked,10,50000,1,42150956.2,42080152.0,41837142.0,42581077.0,329968.3553527519,0.007828253142991615,66.20917432473334,,
chunked,10,100000,1,170584474.8,169974463.0,167874488.0,174728550.0,2522023.3593348586,0.014784600780884536,,,
karatsuba,0,10,1,818.8,705.0,690.0,1089.0,177.36036761351167,0.21661012165792828,1.2659990229604299,,
karatsuba,0,50,1,4879.8,4415.0,4182.0,6602.0,1003.4641000055757,0.20563631706331728,1.0384032132464445,,
karatsuba,0,100,1,20661.2,19981.0,19218.0,24765.0,2331.5078168429973,0.11284474361813433,0.7120980388360791,,
karatsuba,0,500,1,278009.4,277331.0,266452.0,289403.0,10997.255398507386,0.0395571351130839,1.1133422107310038,,
karatsuba,0,1000,1,843545.2,844025.0,830917.0,850790.0,8206.604578021283,0.009728707576098214,1.4457086591210526,,
karatsuba,0,5000,1,11464448.2,11371725.0,11109702.0,11912928.0,338218.65607281326,0.02950152071626206,2.5172319414378794,,
karatsuba,0,10000,1,34386839.6,33618233.0,33274358.0,37690622.0,1857007.4570575366,0.05400343499603076,3.3220333688356747,,
karatsuba,0,25000,1,134272580.2,133567923.0,133210899.0,136410937.0,1354533.5070671723,0.01008793831957042,5.1688527245564915,,
karatsuba,0,50000,1,406326792.4,404175373.0,402736508.0,416628759.0,5791815.0378556885,0.014254081065257582,6.868314025063537,,
karatsuba,0,100000,1,1220189376.2,1225436899.0,1208080894.0,1229347266.0,9288753.093999276,0.0076125503755220085,,,
parallel_chunked,3,10,1,1746.0,1790.0,1411.0,1916.0,194.4363649115052,0.11136103374083917,0.5936998854524628,1.0,1.0
parallel_chunked,3,10,2,71388.0,45058.0,41478.0,180170.0,60832.02656496001,0.8521323831030427,0.01452064772790945,0.024457892082702975,0.012228946041351487
parallel_chunked,3,10,4,80092.0,70592.0,70429.0,114347.0,19232.561100903855,0.24013086326853936,0.012942615991609648,0.02179993008040753,0.0054499825201018825
parallel_chunked,3,10,8,74076.6,71237.0,68690.0,89003.0,8495.355925445387,0.11468339428976743,0.013993622817461922,0.023570196256307657,0.002946274532038457
parallel_chunked,3,50,1,4788.4,4461.0,4300.0,6203.0,803.7255750565612,0.16784846191975633,1.0582240414334643,1.0,1.0
parallel_chunked,3,50,2,52138.4,51796.0,46898.0,55690.0,3619.039278593146,0.06941216605406275,0.09718748561520875,0.09184017921531921,0.04592008960765961
parallel_chunked,3,50,4,88109.8,78718.0,69632.0,124935.0,22119.288758909042,0.2510423217270842,0.05751006130986564,0.0543458275923904,0.0135864568980976
parallel_chunked,3,50,8,219667.4,226789.0,197076.0,229934.0,13825.522315630607,0.06293843472281553,0.023067601291771104,0.02179840977769118,0.0027248012222113975
parallel_chunked,3,100,1,8305.2,7875.0,7803.0,9660.0,790.4522123443008,0.09517557823343216,1.7715166401772382,1.0,1.0
parallel_chunked,3,100,2,106863.0,54897.0,51583.0,295415.0,106083.55691387804,0.9927061463170418,0.13767908443521143,0.07771819993823868,0.03885909996911934
parallel_chunked,3,100,4,94068.4,80035.0,79207.0,120326.0,20070.384246446305,0.21335947296271976,0.15640533909368076,0.08828894719161803,0.02207223679790451
parallel_chunked,3,100,8,222207.4,206691.0,203791.0,284066.0,34671.53665905219,0.1560323223216337,0.06621201634148997,0.03737589297206124,0.004671986621507655
parallel_chunked,3,500,1,69359.2,64684.0,63354.0,88003.0,10472.830500872244,0.15099410749939798,4.4625601218007125,1.0,1.0
parallel_chunked,3,500,2,130560.0,127070.0,84697.0,194850.0,45346.41516702285,0.3473224200905549,2.370707720588235,0.5312438725490196,0.2656219362745098
parallel_chunked,3,500,4,156082.0,167560.0,105830.0,220114.0,48425.0335415475,0.31025379955118143,1.9830576235568482,0.4443766737996694,0.11109416844991735
parallel_chunked,3,500,8,254276.8,249094.0,223234.0,311620.0,33940.03399674196,0.1334767229914092,1.2172545824078327,0.27277046116672854,0.03409630764584107
parallel_chunked,3,1000,1,242222.8,221334.0,217350.0,314875.0,41276.324953900636,0.17040643966588048,5.034706064003885,1.0,1.0
parallel_chunked,3,1000,2,180933.4,156546.0,151613.0,253591.0,43501.9123637111,0.24043052506453258,6.740162954987858,1.33874011100217,0.669370055501085
parallel_chunked,3,1000,4,210213.6,194918.0,170420.0,269207.0,43068.88097338959,0.20488151562691276,5.801340160674666,1.1522698816822508,0.2880674704205627
parallel_chunked,3,1000,8,349713.6,325267.0,256016.0,566673.0,127082.30543746048,0.3633896578155968,3.4871980958132602,0.692631913657347,0.08657898920716837
parallel_chunked,3,5000,1,4830423.8,4825415.0,4681510.0,5028554.0,126436.61466007384,0.02617505624663282,5.974356784181131,1.0,1.0
parallel_chunked,3,5000,2,2058630.6,2128607.0,1837685.0,2250198.0,194048.7792703165,0.09426109728977919,14.01838445420951,2.3464257259170243,1.1732128629585121
parallel_chunked,3,5000,4,1903227.6,1917250.0,1833423.0,1951498.0,46281.531125277186,0.02431739174299342,15.163018442986008,2.53801689298747,0.6345042232468675
parallel_chunked,3,5000,8,2154882.4,2048423.0,1858199.0,2606794.0,284824.52448533993,0.13217636585891646,13.39222743663413,2.2416182897034194,0.2802022862129274
parallel_chunked,3,10000,1,19138373.4,18372585.0,18181919.0,22418302.0,1835983.2560506377,0.09593204279579151,5.9688577609213125,1.0,1.0
parallel_chunked,3,10000,2,9372940.2,7605174.0,7309249.0,16398049.0,3936419.2342539816,0.4199769923053581,12.187662159628417,2.041875120466468,1.020937560233234
parallel_chunked,3,10000,4,6679504.8,6516094.0,6451846.0,7005123.0,270593.93044320116,0.04051107657609605,17.102200240951994,2.8652383631792584,0.7163095907948146
parallel_chunked,3,10000,8,7047184.4,6642956.0,6617183.0,8605483.0,872481.3877248615,0.12380567020849652,16.209910528238765,2.715747497681485,0.3394684372101856
parallel_chunked,3,25000,1,116689880.0,115556441.0,114565087.0,119603548.0,2199868.6371373413,0.018852265827485136,5.947689653978562,1.0,1.0
parallel_chunked,3,25000,2,43465790.4,43299478.0,43104292.0,44088743.0,381720.9368050177,0.008782100435588023,15.96738919534292,2.6846372498036986,1.3423186249018493
parallel_chunked,3,25000,4,41230017.4,40432020.0,39895453.0,45155097.0,2210802.351716069,0.05362118405790605,16.833250038841847,2.830216608155009,0.7075541520387523
parallel_chunked,3,25000,8,42566628.4,43036265.0,41236501.0,44070858.0,1263022.9341086007,0.029671669605587103,16.304678526053994,2.741346552126736,0.342668319015842
parallel_chunked,3,50000,1,476313600.0,474109544.0,468347277.0,492219397.0,9299193.65725488,0.019523258746453765,5.859123079836477,1.0,1.0
parallel_chunked,3,50000,2,182126301.0,178458739.0,177598939.0,194144299.0,6964623.213410185,0.03824062299167974,15.323322286109573,2.6152927797067598,1.3076463898533799
parallel_chunked,3,50000,4,164369729.2,161158340.0,160756561.0,171530029.0,4927809.26851955,0.029980029123997304,16.978673753269163,2.8978182437742923,0.7244545609435731
parallel_chunked,3,50000,8,168252062.8,168311429.0,165472427.0,170579053.0,1831125.5073441037,0.010883227681557457,16.586899206801284,2.8309525129934987,0.35386906412418734
parallel_chunked,3,100000,1,1904975710.0,1902592556.0,1894249660.0,1926551307.0,12848637.151842836,0.006744777418627997,,1.0,1.0
parallel_chunked,3,100000,2,732781000.6,727118261.0,721578323.0,762808105.0,16955036.205454133,0.023137930966511653,,2.599652158612476,1.299826079306238
parallel_chunked,3,100000,4,669620798.6,668818044.0,659065562.0,684251752.0,9123508.952041138,0.013624888849205374,,2.8448574386918692,0.7112143596729673
parallel_chunked,3,100000,8,674362135.8,675026730.0,672656592.0,675574043.0,1231828.4932409115,0.0018266572629846512,,2.824855680457379,0.35310696005717235
parallel_chunked,4,10,1,2445.8,2518.0,2101.0,2623.0,200.97437647620654,0.082171222698588,0.4238286041377054,1.0,1.0
parallel_chunked,4,10,2,40225.6,40065.0,39389.0,41523.0,805.4469566644341,0.0200232428270662,0.025769659122548822,0.060802076289725955,0.030401038144862978
parallel_chunked,4,10,4,63397.6,55732.0,54564.0,94871.0,17605.945822363534,0.27770681890739607,0.016350776685552765,0.03857874746047169,0.009644686865117923
parallel_chunked,4,10,8,56879.4,56725.0,53659.0,61158.0,2709.4208421727326,0.047634483524311655,0.018224524168679694,0.04299975034898399,0.005374968793622999
parallel_chunked,4,50,1,4841.6,4631.0,4221.0,6007.0,689.9998550724486,0.14251484118317262,1.0465961665565102,1.0,1.0
parallel_chunked,4,50,2,52609.4,51692.0,49789.0,55990.0,2454.7328367869286,0.0466595862485968,0.09631738814736529,0.09202918109691424,0.04601459054845712
parallel_chunked,4,50,4,77280.4,77184.0,74005.0,82485.0,3517.6493287421345,0.04551800105514638,0.06556901879389858,0.06264977924544905,0.015662444811362263
parallel_chunked,4,50,8,210362.2,224961.0,177874.0,227812.0,22375.65460941869,0.10636727800630859,0.024087977783080798,0.02301554176558336,0.00287694272069792
parallel_chunked,4,100,1,7248.2,6726.0,6581.0,8462.0,824.9101163157111,0.11380896171680019,2.0298556883088215,1.0,1.0
parallel_chunked,4,100,2,53387.4,50572.0,48223.0,65474.0,7119.532098389613,0.13335603716213212,0.27558562507258266,0.1357661170987911,0.06788305854939555
parallel_chunked,4,100,4,81280.4,77620.0,75886.0,95966.0,8438.716418982214,0.10382227965145613,0.18101288871609883,0.08917525012180058,0.022293812530450145
parallel_chunked,4,100,8,199516.4,191663.0,178757.0,249307.0,28381.885575134005,0.14225339658862132,0.07374230890292728,0.03632884314271909,0.004541105392839887
parallel_chunked,4,500,1,43305.2,41280.0,40779.0,51914.0,4822.340479476744,0.11135707673620591,7.1474003122026915,1.0,1.0
parallel_chunked,4,500,2,77299.8,76466.0,73563.0,81710.0,3342.2759012385563,0.0432378337490984,4.004144900763003,0.5602239591823005,0.28011197959115025
parallel_chunked,4,500,4,102211.0,95037.0,91999.0,120604.0,12537.237275412794,0.12266035236337375,3.0282415786950523,0.42368433925898386,0.10592108481474596
parallel_chunked,4,500,8,209882.0,204743.0,191632.0,248092.0,22318.011907425804,0.10633599788178978,1.4747315158041183,0.20633117656587985,0.02579139707073498
parallel_chunked,4,1000,1,145818.0,131221.0,124999.0,186103.0,27034.160149706884,0.1853965912967321,8.363306313349518,1.0,1.0
parallel_chunked,4,1000,2,166253.2,182145.0,110677.0,222595.0,50548.36998558905,0.30404449349299173,7.335321064496804,0.8770838696638621,0.43854193483193105
parallel_chunked,4,1000,4,150278.2,140977.0,125703.0,184278.0,26804.790778888757,0.17836779239363232,8.115086552806728,0.9703203791368274,0.24258009478420686
parallel_chunked,4,1000,8,276274.0,240813.0,224883.0,396291.0,70809.34071151912,0.25630113840433455,4.414170714580453,0.5278021094999892,0.06597526368749865
parallel_chunked,4,5000,1,2691162.4,2721243.0,2560590.0,2739604.0,73702.2270240188,0.027386763067148528,10.72349821772183,1.0,1.0
parallel_chunked,4,5000,2,1126455.0,1124207.0,1055766.0,1193387.0,64395.18105805747,0.05716622595492715,25.619021798473973,2.389054511720397,1.1945272558601985
parallel_chunked,4,5000,4,1079526.8,1068533.0,1017901.0,1185620.0,64111.309007849784,0.05938834404838285,26.732708442254513,2.4929093006306093,0.6232273251576523
parallel_chunked,4,5000,8,1293889.8,1227817.0,1214660.0,1559157.0,148793.07974062505,0.11499671744890874,22.303812272111582,2.079900776712205,0.25998759708902563
parallel_chunked,4,10000,1,10508379.6,10464455.0,10385157.0,10637679.0,118278.92597500216,0.011255676943284592,10.87077484334502,1.0,1.0
parallel_chunked,4,10000,2,4931419.6,4410411.0,4013065.0,7439481.0,1415261.1095140006,0.2869885802282979,23.164572854437292,2.1309035637527174,1.0654517818763587
parallel_chunked,4,10000,4,3782025.0,3797130.0,3720611.0,3813446.0,36292.65498003691,0.009596090713318106,30.20451440696452,2.7785061177543775,0.6946265294385944
parallel_chunked,4,10000,8,4040046.6,3930889.0,3865613.0,4489804.0,260513.96403321647,0.06448291067563836,28.275473010633092,2.6010540571487466,0.3251317571435933
parallel_chunked,4,25000,1,65249787.6,64962743.0,64452273.0,67113299.0,1069467.662750866,0.01639036236113152,10.636589290598701,1.0,1.0
parallel_chunked,4,25000,2,24939731.8,24866342.0,24548560.0,25689911.0,441692.2938112003,0.017710386677502292,27.828494611156966,2.6162986885047417,1.3081493442523708
parallel_chunked,4,25000,4,22598613.0,22569315.0,22446875.0,22906371.0,188119.11432919285,0.008324365496643216,30.711406580572003,2.8873359440245294,0.7218339860061324
parallel_chunked,4,25000,8,24958047.6,24417407.0,22950527.0,29124576.0,2417392.9358385867,0.09685825488363066,27.808072294885758,2.6143786824094364,0.32679733530117955
parallel_chunked,4,50000,1,265580648.2,263770342.0,261970626.0,275274982.0,5520926.820749686,0.02078813670411731,10.50822048185663,1.0,1.0
parallel_chunked,4,50000,2,100850285.6,101649056.0,98500754.0,102554079.0,1824931.4866304703,0.018095451845011636,27.67250474697714,2.633414934027713,1.3167074670138565
parallel_chunked,4,50000,4,91599387.4,90100818.0,89911847.0,97916043.0,3532103.673349963,0.038560341653005016,30.46723440205016,2.8993714449230037,0.7248428612307509
parallel_chunked,4,50000,8,92637661.8,90976229.0,90769653.0,96236103.0,2518516.098954541,0.027186740792226487,30.125760438828348,2.8668755562222104,0.3583594445277763
parallel_chunked,4,100000,1,1071184885.0,1069901256.0,1067202489.0,1081183264.0,5746586.542843455,0.005364700924475288,,1.0,1.0
parallel_chunked,4,100000,2,409010137.4,407650505.0,405580388.0,416821934.0,4465066.39059161,0.010916762158941077,,2.618969035362594,1.309484517681297
parallel_chunked,4,100000,4,369444135.6,370959729.0,363120343.0,375427066.0,4831604.391529989,0.0130780378572884,,2.899450232875749,0.7248625582189373
parallel_chunked,4,100000,8,372971625.6,371447381.0,369959214.0,379698132.0,3959461.0650795964,0.010615984684384516,,2.872027820552792,0.359003477569099
parallel_chunked,5,10,1,4179.6,1774.0,1601.0,13915.0,5443.90189110715,1.3024935139982652,0.24801416403483584,1.0,1.0
parallel_chunked,5,10,2,41068.0,41946.0,38543.0,43279.0,2323.4955347493137,0.05657678812577466,0.025241063601831107,0.10177266971851565,0.05088633485925782
parallel_chunked,5,10,4,44511.8,45412.0,40609.0,47407.0,2732.1544063247975,0.061380452067200095,0.023288206722711726,0.09389869652541573,0.023474674131353932
parallel_chunked,5,10,8,39752.2,40035.0,38487.0,41527.0,1264.1964641621173,0.031801924526494565,0.026076544191264886,0.10514135066738446,0.013142668833423058
parallel_chunked,5,50,1,4519.6,4248.0,4187.0,5380.0,508.0308061525404,0.11240614349777421,1.121161164704841,1.0,1.0
parallel_chunked,5,50,2,52703.0,53573.0,46446.0,57941.0,5412.597297046954,0.10269998476456661,0.09614632943096219,0.08575602906855398,0.04287801453427699
parallel_chunked,5,50,4,78393.8,80628.0,73384.0,82780.0,4237.395214043646,0.05405268291680778,0.06463776472118968,0.05765251843895818,0.014413129609739546
parallel_chunked,5,50,8,209637.8,213776.0,181299.0,236381.0,22816.576774354213,0.10883808537560599,0.024171213397583834,0.02155908905741236,0.002694886132176545
parallel_chunked,5,100,1,6065.6,6121.0,5792.0,6427.0,272.21645798885856,0.0448787354901178,2.425613294645212,1.0,1.0
parallel_chunked,5,100,2,50322.0,49310.0,45513.0,59103.0,5282.102895627839,0.1049660763806653,0.2923731171257104,0.12053574977147173,0.060267874885735866
parallel_chunked,5,100,4,81587.8,76642.0,72177.0,107547.0,14749.800530854645,0.1807843884852226,0.18033088280355639,0.07434444855725979,0.018586112139314947
parallel_chunked,5,100,8,356485.8,175495.0,174134.0,1012394.0,367939.0592594105,1.0321282341664395,0.04127177015185458,0.017014983486018237,0.0021268729357522796
parallel_chunked,5,500,1,29752.2,30436.0,27059.0,30640.0,1520.1128905446462,0.051092453349488316,10.403250852037832,1.0,1.0
parallel_chunked,5,500,2,68963.6,68220.0,64082.0,74278.0,4185.663185207332,0.06069380347324287,4.488158970819388,0.43141889344523776,0.21570944672261888
parallel_chunked,5,500,4,91538.0,92286.0,84693.0,98872.0,6692.4674448218275,0.07311135752170494,3.3813236033122855,0.32502567239834823,0.08125641809958706
parallel_chunked,5,500,8,214996.0,221551.0,185191.0,238804.0,24636.240196101353,0.11458929559666856,1.4396528307503393,0.13838490018418947,0.017298112523023684
parallel_chunked,5,1000,1,103597.2,89858.0,85761.0,142064.0,23630.912798705005,0.22810377885411,11.771752518407835,1.0,1.0
parallel_chunked,5,1000,2,104095.8,102483.0,93908.0,125743.0,12747.617804907708,0.1224604432158426,11.715367959129956,0.9952101813906036,0.4976050906953018
parallel_chunked,5,1000,4,161832.8,125219.0,103375.0,313305.0,87339.35675971057,0.5396888440397162,7.535682506883649,0.6401495864867938,0.16003739662169844
parallel_chunked,5,1000,8,226550.4,221535.0,208773.0,252628.0,18794.145253243092,0.08295789922791172,5.38299910306934,0.45728102885715494,0.05716012860714437
parallel_chunked,5,5000,1,1757268.6,1728093.0,1645967.0,1911495.0,101569.36569064514,0.05779956785812091,16.422461085345745,1.0,1.0
parallel_chunked,5,5000,2,754235.4,753586.0,727463.0,786314.0,24566.345603284186,0.03257119143875266,38.26215953268701,2.3298675718482587,1.1649337859241293
parallel_chunked,5,5000,4,776875.4,794107.0,710711.0,848003.0,54980.80585349764,0.07077171687184024,37.147109047345296,2.2619696800799716,0.5654924200199929
parallel_chunked,5,5000,8,1017821.0,999374.0,916586.0,1121385.0,92049.47717124742,0.09043778539767544,28.353389446670878,1.7265006322329761,0.21581257902912201
parallel_chunked,5,10000,1,6775643.4,6767443.0,6602260.0,7009143.0,172156.01595151986,0.02540806913650737,16.859539656411076,1.0,1.0
parallel_chunked,5,10000,2,2836059.8,2756624.0,2607198.0,3169487.0,255663.09802492027,0.09014728745314901,40.27920306899029,2.3891045597839655,1.1945522798919828
parallel_chunked,5,10000,4,2581112.0,2529967.0,2457021.0,2913932.0,189111.87640917744,0.07326759800007804,44.257757354194624,2.625086939272686,0.6562717348181715
parallel_chunked,5,10000,8,2681233.8,2681594.0,2578816.0,2767320.0,73345.86567217002,0.02735526669556755,42.605097921710524,2.5270617579116004,0.31588271973895005
parallel_chunked,5,25000,1,41614105.2,41645912.0,41108389.0,41886257.0,301567.2209320842,0.0072467549039618466,16.677883344227233,1.0,1.0
parallel_chunked,5,25000,2,15755250.4,15664164.0,15579056.0,15999663.0,201359.1665787779,0.012780448515040921,44.0510416768749,2.641284914138845,1.3206424570694224
parallel_chunked,5,25000,4,14441247.8,14464910.0,14338398.0,14545579.0,80430.07878088891,0.0055694687810072,48.059226017851444,2.881614232808885,0.7204035582022212
parallel_chunked,5,25000,8,15911138.2,16471123.0,14503971.0,16769234.0,982383.0465478828,0.06174184613316242,43.619455960730704,2.6154071868975413,0.32692589836219266
parallel_chunked,5,50000,1,168190293.2,168110479.0,165982984.0,171624751.0,2177001.2779791174,0.012943679665213387,16.59299091465048,1.0,1.0
parallel_chunked,5,50000,2,63956684.4,62694073.0,62538290.0,68733063.0,2679733.451364109,0.041899192813130086,43.63547036844205,2.629753164627777,1.3148765823138886
parallel_chunked,5,50000,4,60431684.4,58765756.0,57698160.0,65191861.0,3337666.8799721906,0.05523041287216199,46.18074168721996,2.7831475304699596,0.6957868826174899
parallel_chunked,5,50000,8,58979986.8,58509059.0,58019724.0,60675829.0,1054556.5779118729,0.017879905288684685,47.3174064359065,2.8516502346860477,0.35645627933575597
parallel_chunked,5,100000,1,684909505.2,684936393.0,678313829.0,689365462.0,4206968.815273328,0.006142371778071401,,1.0,1.0
parallel_chunked,5,100000,2,258785565.6,257968161.0,256930524.0,263368905.0,2606020.3274622224,0.01007019198083984,,2.646629473371215,1.3233147366856075
parallel_chunked,5,100000,4,235802091.6,237077683.0,231265237.0,237897679.0,2683863.326549582,0.011381846990154442,,2.9045946986841744,0.7261486746710436
parallel_chunked,5,100000,8,270497625.0,241001227.0,232583657.0,401543824.0,73409721.0837865,0.2713876733068784,,2.5320351895880786,0.3165043986985098
parallel_chunked,6,10,1,1959.2,2024.0,1640.0,2123.0,186.50388735895024,0.09519389922363732,0.5290935075541037,1.0,1.0
parallel_chunked,6,10,2,42979.4,42883.0,41259.0,45283.0,1521.517104734614,0.035401078301107364,0.024118531203320658,0.04558462891524777,0.022792314457623884
parallel_chunked,6,10,4,39895.6,40321.0,37075.0,41723.0,1721.6125580397002,0.04315294313256851,0.025982815147535067,0.04910817232978073,0.012277043082445182
parallel_chunked,6,10,8,42268.0,42519.0,40258.0,45124.0,1950.5231349563635,0.046146567970009544,0.02452446295069556,0.04635185009936595,0.005793981262420744
parallel_chunked,6,50,1,4315.6,4303.0,4146.0,4518.0,154.43866096285598,0.0357861388828566,1.1741588655111685,1.0,1.0
parallel_chunked,6,50,2,50603.2,51081.0,44889.0,54936.0,4358.248065450153,0.08612593799305486,0.10013595978119962,0.08528314414898663,0.04264157207449332
parallel_chunked,6,50,4,85794.0,86419.0,69424.0,107756.0,14792.304063262085,0.17241653336203097,0.059062405296407675,0.050301885912767796,0.012575471478191949
parallel_chunked,6,50,8,220301.8,230112.0,179771.0,266284.0,38742.34914405682,0.17586033860847627,0.023001173844244577,0.019589490417236722,0.0024486863021545902
parallel_chunked,6,100,1,5678.8,5671.0,5288.0,6142.0,312.26222954433666,0.05498736168633103,2.5908290483905048,1.0,1.0
parallel_chunked,6,100,2,58594.0,50734.0,47634.0,92545.0,19171.18732629776,0.32718686770484623,0.25109738198450354,0.09691777315083457,0.04845888657541728
parallel_chunked,6,100,4,83907.0,86095.0,73659.0,95823.0,9375.93581995952,0.11174199792579309,0.1753465145935381,0.06767969299343321,0.016919923248358303
parallel_chunked,6,100,8,203136.4,194202.0,173411.0,250891.0,29909.025524078847,0.14723617000241634,0.07242818126145782,0.027955600276464487,0.003494450034558061
parallel_chunked,6,500,1,27408.2,24730.0,24406.0,35735.0,4858.384577202591,0.1772602570472556,11.292956122620236,1.0,1.0
parallel_chunked,6,500,2,68155.6,70305.0,62266.0,71968.0,4291.940388682024,0.0629726741262937,4.541367107031556,0.40214157017178337,0.20107078508589168
parallel_chunked,6,500,4,88421.4,86722.0,82291.0,96643.0,5594.115417114666,0.06326653295598879,3.5005055337282602,0.30997247272719053,0.07749311818179763
parallel_chunked,6,500,8,213331.6,209652.0,182293.0,250644.0,29478.524137073073,0.13818170461888005,1.4508849134399215,0.12847698137547367,0.01605962267193421
parallel_chunked,6,1000,1,73443.8,68342.0,67119.0,94996.0,12060.518467296502,0.1642142490897326,16.604813476426873,1.0,1.0
parallel_chunked,6,1000,2,92366.8,86626.0,85971.0,114649.0,12484.379107508712,0.13516089230663736,13.203018833606881,0.7951320171316967,0.39756600856584834
parallel_chunked,6,1000,4,458272.6,101345.0,101126.0,1883456.0,796702.7078470363,1.738490819322465,2.66112484141535,0.16026225438745412,0.04006556359686353
parallel_chunked,6,1000,8,231112.2,208381.0,204162.0,313108.0,46502.52296058785,0.20121189171574605,5.276746965326798,0.3177841758245562,0.039723021978069525
parallel_chunked,6,5000,1,1237885.8,1248976.0,1160717.0,1356931.0,81699.62557258143,0.06599932366344409,23.31287361079673,1.0,1.0
parallel_chunked,6,5000,2,656721.0,570168.0,559214.0,997185.0,190947.92169856158,0.29075957933210844,43.9435851754398,1.8849493163763609,0.9424746581881804
parallel_chunked,6,5000,4,586220.4,582582.0,558236.0,608801.0,21446.23186716025,0.03658390575824425,49.228370762941715,2.111638898953363,0.5279097247383407
parallel_chunked,6,5000,8,772307.6,737368.0,702411.0,946333.0,98812.1067116778,0.12794397816579534,37.36681498408147,1.602840370857415,0.20035504635717688
parallel_chunked,6,10000,1,4686003.4,4651291.0,4633622.0,4800315.0,71130.99158805535,0.015179457955163955,24.377751966633227,1.0,1.0
parallel_chunked,6,10000,2,2071493.4,2126485.0,1841812.0,2262973.0,193579.05186589793,0.09344903144074605,55.145832760075415,2.262137740820222,1.131068870410111
parallel_chunked,6,10000,4,1772962.2,1773141.0,1746606.0,1800205.0,19017.546100903746,0.01072642501961054,64.43128262971427,2.6430362700344094,0.6607590675086024
parallel_chunked,6,10000,8,1997684.8,2001720.0,1933618.0,2051478.0,46726.46435586584,0.023390308799399104,57.18330969930791,2.3457171021174115,0.29321463776467643
parallel_chunked,6,25000,1,29127764.4,29113620.0,28751326.0,29741258.0,377724.32858408825,0.012967844816270495,23.82727292314957,1.0,1.0
parallel_chunked,6,25000,2,11454075.6,11164617.0,10874260.0,12666244.0,715596.2806312649,0.06247525384163388,60.59285936614562,2.5430043782843548,1.2715021891421774
parallel_chunked,6,25000,4,10084340.4,10069963.0,10038239.0,10153371.0,48787.90012697825,0.0048379862432032,68.82306273596238,2.888415428737411,0.7221038571843528
parallel_chunked,6,25000,8,10249393.4,10256767.0,10170343.0,10383030.0,87589.06502697688,0.008545780380229807,67.71475783142444,2.8419012973001894,0.35523766216252367
parallel_chunked,6,50000,1,116593742.8,115999473.0,114996195.0,120693005.0,2358369.2265917994,0.020227236641997562,23.935932923837832,1.0,1.0
parallel_chunked,6,50000,2,43219171.4,43158401.0,42569450.0,43993898.0,510520.04548283835,0.011812351531636222,64.57273280810747,2.697732025468679,1.3488660127343395
parallel_chunked,6,50000,4,39899807.4,39879108.0,39696056.0,40143431.0,168126.69420648232,0.004213721949106008,69.944698705488,2.922163047834662,0.7305407619586655
parallel_chunked,6,50000,8,41897624.8,40954739.0,40728045.0,44162616.0,1497085.9602501797,0.035732000737430346,66.60950400701473,2.782824643558315,0.34785308044478935
parallel_chunked,6,100000,1,471544557.6,471214212.0,469460052.0,473359470.0,1488172.8581439452,0.003155953841813453,,1.0,1.0
parallel_chunked,6,100000,2,181296864.6,178748396.0,177282272.0,191578044.0,5916072.08737865,0.032631960295791296,,2.6009526344560956,1.3004763172280478
parallel_chunked,6,100000,4,164052187.6,166165204.0,160115595.0,166652966.0,3154055.728879771,0.019225929108425806,,2.8743570232037556,0.7185892558009389
parallel_chunked,6,100000,8,165425372.6,166134699.0,160981232.0,170515041.0,3570571.207433247,0.021584181140500855,,2.85049717699714,0.3563121471246425
parallel_chunked,7,10,1,1952.6,2020.0,1542.0,2169.0,239.35078859280995,0.12258055341227592,0.5308819010550035,1.0,1.0
parallel_chunked,7,10,2,39716.0,39656.0,37853.0,41235.0,1379.1346924793097,0.03472491420282278,0.026100312216738843,0.049164064860509615,0.024582032430254808
parallel_chunked,7,10,4,43971.6,44049.0,41504.0,46190.0,2021.6427231338378,0.045976101009147674,0.023574307052734035,0.04440593473969562,0.011101483684923905
parallel_chunked,7,10,8,40692.4,40266.0,40093.0,41819.0,724.5107314595145,0.017804571159713227,0.025474044293283264,0.047984390205542064,0.005998048775692758
parallel_chunked,7,50,1,3842.2,3697.0,3422.0,4743.0,518.9033628721248,0.13505370956018034,1.3188277549320702,1.0,1.0
parallel_chunked,7,50,2,52939.6,54834.0,44688.0,59745.0,6389.113577015201,0.12068685024093875,0.09571662800625619,0.0725770500721577,0.03628852503607885
parallel_chunked,7,50,4,96976.2,88729.0,74203.0,148630.0,30303.95453897065,0.3124885749180794,0.052251995850528275,0.03962003048170582,0.009905007620426455
parallel_chunked,7,50,8,251826.0,265360.0,177819.0,291190.0,43498.66137595501,0.17273300364519553,0.02012183015256566,0.015257360240801187,0.0019071700301001484
parallel_chunked,7,100,1,5541.0,5319.0,5061.0,6319.0,488.76579258372817,0.08820895011437072,2.6552607832521202,1.0,1.0
parallel_chunked,7,100,2,51487.4,48671.0,46028.0,62844.0,6674.797247857046,0.12963943115902232,0.28575534985258527,0.10761856298822624,0.05380928149411312
parallel_chunked,7,100,4,76807.8,74316.0,70654.0,86308.0,6091.619915917277,0.07930991274216,0.19155346201818044,0.07214111066844774,0.018035277667111934
parallel_chunked,7,100,8,205613.4,178497.0,171725.0,315985.0,61889.66554118709,0.30100015631854293,0.07155564763775124,0.026948632725299033,0.003368579090662379
parallel_chunked,7,500,1,22175.6,20569.0,20332.0,26319.0,2587.647058622949,0.11668893101530281,13.957665181550894,1.0,1.0
parallel_chunked,7,500,2,65616.8,64355.0,59797.0,76928.0,7049.1511332925775,0.10742905983364896,4.717078553053486,0.3379561331854037,0.16897806659270184
parallel_chunked,7,500,4,87259.4,90341.0,80545.0,93344.0,6158.166472254546,0.07057310126192189,3.5471204248482113,0.25413422508062167,0.06353355627015542
parallel_chunked,7,500,8,218400.6,227222.0,178089.0,264453.0,35107.74564537005,0.16074930950450708,1.417210392279142,0.10153635109061054,0.012692043886326318
parallel_chunked,7,1000,1,53998.2,54054.0,53510.0,54363.0,312.09645944803685,0.005779756722409948,22.584467630402496,1.0,1.0
parallel_chunked,7,1000,2,80222.8,79694.0,78699.0,81842.0,1278.8603129349185,0.01594135723179593,15.201670846691963,0.6731029084001057,0.33655145420005284
parallel_chunked,7,1000,4,99863.2,97754.0,95211.0,107534.0,5118.2022918208295,0.05125213584003747,12.211911895473008,0.5407217072955803,0.13518042682389508
parallel_chunked,7,1000,8,204554.8,207049.0,198095.0,207381.0,4041.772037114411,0.019758871642779396,5.961828321799342,0.26397913908644527,0.03299739238580566
parallel_chunked,7,5000,1,891011.8,877410.0,866160.0,943175.0,30624.558971518258,0.034370542535484105,32.38865658120352,1.0,1.0
parallel_chunked,7,5000,2,472136.8,451393.0,445224.0,534436.0,38263.30308141208,0.0810428314027038,61.12354554866302,1.887189899198707,0.9435949495993535
parallel_chunked,7,5000,4,480503.2,470796.0,455496.0,516529.0,23711.488243043706,0.049347201523410676,60.059277857046524,1.8543306267263153,0.46358265668157883
parallel_chunked,7,5000,8,622597.8,605519.0,581481.0,706470.0,51558.16931098312,0.08281135800830507,46.35203529469587,1.4311194160981615,0.1788899270122702
parallel_chunked,7,10000,1,3500449.2,3524224.0,3442364.0,3528105.0,37609.78702013617,0.010744274483439488,32.63416266689429,1.0,1.0
parallel_chunked,7,10000,2,1552345.8,1598315.0,1425580.0,1617920.0,83304.91564847778,0.0536638908988434,73.58813261838954,2.2549416502431354,1.1274708251215677
parallel_chunked,7,10000,4,1373757.4,1362038.0,1354986.0,1419533.0,26164.4241060261,0.019045884015639225,83.15458653762302,2.5480839630054044,0.6370209907513511
parallel_chunked,7,10000,8,1506598.2,1496259.0,1482011.0,1549191.0,28124.889861117696,0.018667810608772595,75.82262384224273,2.323412572774878,0.29042657159685975
parallel_chunked,7,25000,1,21418459.8,21463135.0,21244197.0,21613782.0,159454.45109089938,0.007444720702601565,32.40359944088977,1.0,1.0
parallel_chunked,7,25000,2,8357801.8,8399286.0,8094294.0,8538368.0,162651.20129036857,0.019461002448080137,83.0403984932976,2.5626905629659706,1.2813452814829853
parallel_chunked,7,25000,4,7517978.6,7522641.0,7482200.0,7554215.0,26171.53654831916,0.0034811932755859617,92.31672886113297,2.8489652524416607,0.7122413131104152
parallel_chunked,7,25000,8,7687418.6,7659598.0,7604725.0,7846174.0,94677.08901207309,0.012315849303701647,90.28195654650574,2.786170613891118,0.3482713267363898
parallel_chunked,7,50000,1,85581541.2,85002534.0,84143667.0,88780484.0,1826691.9456593394,0.02134446190201748,32.60960211592918,1.0,1.0
parallel_chunked,7,50000,2,31982797.2,32047761.0,31414478.0,32366287.0,359269.0427878524,0.011233196413097115,87.2587844505358,2.6758616722867505,1.3379308361433753
parallel_chunked,7,50000,4,29507726.2,29547808.0,29240350.0,29674381.0,175350.4878399258,0.005942527955269078,94.57794165786993,2.9003095873920643,0.7250773968480161
parallel_chunked,7,50000,8,31151170.0,30497710.0,29766819.0,34810400.0,2071114.0356154945,0.06648591483451487,89.58828856187424,2.747297812570122,0.34341222657126524
parallel_chunked,7,100000,1,346955181.4,348206821.0,342902255.0,351371297.0,3553639.5001242426,0.010242358928853406,,1.0,1.0
parallel_chunked,7,100000,2,129287616.2,129333709.0,128851611.0,129692615.0,347247.6593638894,0.0026858539864074733,,2.6835917591927876,1.3417958795963938
parallel_chunked,7,100000,4,117813678.8,117763753.0,117456257.0,118162316.0,305156.4648982548,0.002590161584006617,,2.9449482007007832,0.7362370501751958
parallel_chunked,7,100000,8,122898127.4,123117918.0,119930787.0,125181775.0,2142551.4499307373,0.01743355651756446,,2.823112025708538,0.35288900321356725
parallel_chunked,8,10,1,2050.4,2036.0,1963.0,2216.0,102.9626145744172,0.050215867428022434,0.5055598907530238,1.0,1.0
parallel_chunked,8,10,2,44517.0,44371.0,41134.0,46768.0,2344.6058304115854,0.052667651243605486,0.023285486443381177,0.04605880899431678,0.02302940449715839
parallel_chunked,8,10,4,40586.0,40876.0,38272.0,43728.0,2301.3377631282196,0.05670274880816586,0.025540826886118365,0.05051988370374021,0.012629970925935052
parallel_chunked,8,10,8,43560.8,44514.0,40516.0,45878.0,2112.7889624853688,0.048502069807840276,0.023796624488071842,0.04706984261078768,0.00588373032634846
parallel_chunked,8,50,1,4097.2,3914.0,3467.0,5326.0,720.7327521349367,0.17590860883894777,1.2367470467636434,1.0,1.0
parallel_chunked,8,50,2,53105.2,54679.0,43922.0,58921.0,6212.571947269505,0.11698613219175344,0.0954181511415078,0.07715251990388888,0.03857625995194444
parallel_chunked,8,50,4,84378.4,83959.0,68920.0,95356.0,10403.281804315406,0.12329318645903936,0.06005328377878699,0.04855745072198572,0.01213936268049643
parallel_chunked,8,50,8,195229.6,184013.0,147230.0,243026.0,36828.986536422635,0.18864448083908708,0.025955080582042885,0.02098657170838848,0.00262332146354856
parallel_chunked,8,100,1,4949.6,4823.0,4306.0,6020.0,642.3762915923968,0.12978347575408047,2.972523032164215,1.0,1.0
parallel_chunked,8,100,2,48404.0,46277.0,45089.0,57828.0,5308.526254997709,0.1096712307866645,0.30395835054954135,0.102256011899843,0.0511280059499215
parallel_chunked,8,100,4,77204.2,77115.0,72622.0,84063.0,4487.775362025153,0.05812864276846536,0.19056994308599792,0.06411050176026693,0.016027625440066733
parallel_chunked,8,100,8,177269.0,177726.0,166615.0,190623.0,8958.334359689865,0.05053525636005091,0.0829970271169804,0.027921407578313188,0.0034901759472891485
parallel_chunked,8,500,1,18836.0,17778.0,17166.0,23839.0,2808.395716418895,0.14909724550960368,16.43234232321087,1.0,1.0
parallel_chunked,8,500,2,68657.4,65130.0,57706.0,93227.0,14285.804643071386,0.20807377854494033,4.5081753751234395,0.2743477032337374,0.1371738516168687
parallel_chunked,8,500,4,93083.2,90232.0,80216.0,114507.0,12821.106804796535,0.1377381396943437,3.3251929456658127,0.20235660140605394,0.050589150351513484
parallel_chunked,8,500,8,217995.4,218954.0,183814.0,252794.0,29637.97086171724,0.13595686359307232,1.4198446389235735,0.0864054929599432,0.0108006866199929
parallel_chunked,8,1000,1,44187.0,43967.0,43915.0,44802.0,379.556978594782,0.008589788367501346,27.599081177721956,1.0,1.0
parallel_chunked,8,1000,2,76057.4,75345.0,74489.0,79834.0,2187.110719648184,0.028756054238616942,16.034213633387417,0.5809691101720543,0.29048455508602716
parallel_chunked,8,1000,4,110802.6,93316.0,92483.0,181208.0,39362.03712080969,0.35524470653946466,11.006245340813303,0.39879028109448694,0.09969757027362174
parallel_chunked,8,1000,8,206322.4,201706.0,192511.0,237443.0,17824.326643663146,0.08639065192951975,5.910752298344727,0.21416482165775505,0.02677060270721938
parallel_chunked,8,5000,1,685054.4,679339.0,670639.0,722133.0,21168.77842011673,0.030900872135288422,42.12610735731352,1.0,1.0
parallel_chunked,8,5000,2,401471.6,379340.0,376246.0,463385.0,37653.395654309854,0.09378844145964461,71.8822332638224,1.7063583077856568,0.8531791538928284
parallel_chunked,8,5000,4,423676.6,432158.0,387643.0,466648.0,33893.172192935854,0.0799977440173374,68.11486685835375,1.6169276282900686,0.40423190707251716
parallel_chunked,8,5000,8,535880.6,528025.0,500496.0,575600.0,34212.291077915266,0.06384312303508519,53.85280825616751,1.2783713386899993,0.1597964173362499
parallel_chunked,8,10000,1,2651696.2,2670899.0,2586251.0,2684951.0,41684.24621724613,0.015719842347417523,43.07968182780515,1.0,1.0
parallel_chunked,8,10000,2,1195101.8,1216802.0,1086864.0,1243095.0,61808.55800938895,0.051718236897801466,95.58535398407064,2.2188036199091994,1.1094018099545997
parallel_chunked,8,10000,4,1132865.8,1136114.0,1083410.0,1185738.0,45727.745463777246,0.04036466231373323,100.83650561258005,2.3406975477589667,0.5851743869397417
parallel_chunked,8,10000,8,1462436.0,1482759.0,1244466.0,1660235.0,202380.22205739375,0.13838569486623262,78.11229250374033,1.813204953926189,0.22665061924077362
parallel_chunked,8,25000,1,16462350.6,16407266.0,16167237.0,16837980.0,264588.5543845387,0.016072343543973525,42.15893640365064,1.0,1.0
parallel_chunked,8,25000,2,6918132.6,6646973.0,6282139.0,8262809.0,775879.1425001705,0.11215152807278811,100.32117511017353,2.379594545499171,1.1897972727495856
parallel_chunked,8,25000,4,5811142.2,5817441.0,5746977.0,5875066.0,62369.50330650384,0.010732744297068456,119.43180326924369,2.832894125358006,0.7082235313395016
parallel_chunked,8,25000,8,6056404.8,6003659.0,5915012.0,6354631.0,172209.4860647926,0.02843427606833556,114.59524502061025,2.7181721076504,0.3397715134563
parallel_chunked,8,50000,1,65290342.6,65277403.0,64526611.0,66172287.0,587442.6077263207,0.008997388960344048,42.74414708003079,1.0,1.0
parallel_chunked,8,50000,2,24496880.2,24404059.0,24069297.0,25182067.0,467712.8529618364,0.01909275177668691,113.92389497010318,2.6652513326982756,1.3326256663491378
parallel_chunked,8,50000,4,23671973.0,22606100.0,22351471.0,28290609.0,2584574.442897225,0.10918289079229791,117.89384885662044,2.758128466942743,0.6895321167356857
parallel_chunked,8,50000,8,23669424.2,23638410.0,22812848.0,24404304.0,635026.1687829882,0.026828965648559723,117.90654404681294,2.7584254711189806,0.3448031838898726
parallel_chunked,8,100000,1,262465698.6,262538266.0,260903374.0,264128447.0,1197359.4175151829,0.004561965330715344,,1.0,1.0
parallel_chunked,8,100000,2,98597124.0,98841313.0,97809463.0,99246478.0,651283.0896242439,0.006605497840122029,,2.662001567104533,1.3310007835522666
parallel_chunked,8,100000,4,93039782.6,90538883.0,90164076.0,97606590.0,3740891.7708732625,0.040207443163923114,,2.8210050718669675,0.7052512679667419
parallel_chunked,8,100000,8,93426301.2,92776603.0,92256778.0,95217572.0,1297573.6813740865,0.013888740801119145,,2.8093341513984713,0.3511667689248089
parallel_chunked,9,10,1,2001.0,2132.0,1697.0,2297.0,283.0362167638622,0.14144738468958631,0.5180409795102449,1.0,1.0
parallel_chunked,9,10,2,39433.6,39269.0,37868.0,41280.0,1290.7537720262533,0.03273233415225223,0.02628722713624929,0.05074352836160026,0.02537176418080013
parallel_chunked,9,10,4,43069.8,43035.0,40772.0,45646.0,1778.5699873775,0.04129506028301733,0.024067908371991506,0.04645946811919256,0.01161486702979814
parallel_chunked,9,10,8,40240.8,40503.0,37128.0,41845.0,1898.9423898581017,0.04718947908237663,0.025759925249995024,0.04972565157750342,0.006215706447187928
parallel_chunked,9,50,1,4061.2,3783.0,3468.0,5253.0,715.3315315292624,0.17613797191206107,1.2477100364424307,1.0,1.0
parallel_chunked,9,50,2,54509.4,58438.0,43696.0,59988.0,6922.428894542725,0.12699514018761396,0.092960113301559,0.07450458086128263,0.037252290430641315
parallel_chunked,9,50,4,80285.4,79259.0,74659.0,85398.0,4414.655852951621,0.054987031925501036,0.06311483781609109,0.05058453965478157,0.012646134913695392
parallel_chunked,9,50,8,169294.8,165667.0,146573.0,205276.0,22929.336660706085,0.13544028913295675,0.029931220569090134,0.02398892346368583,0.002998615432960729
parallel_chunked,9,100,1,4800.2,4822.0,4490.0,5090.0,213.18348904171722,0.04441137640967402,3.0650389567101373,1.0,1.0
parallel_chunked,9,100,2,47520.0,48201.0,44766.0,50149.0,2073.359954277115,0.04363131216913121,0.3096127946127946,0.10101430976430976,0.05050715488215488
parallel_chunked,9,100,4,74992.4,74463.0,72230.0,79118.0,2764.8154187938094,0.036867941535326375,0.19619054730879396,0.06400915292749665,0.016002288231874162
parallel_chunked,9,100,8,178634.0,179416.0,164673.0,189686.0,9014.081678130058,0.05046117580152747,0.08236282006784822,0.026871704154864135,0.003358963019358017
parallel_chunked,9,500,1,17652.0,16032.0,15609.0,20882.0,2609.5736241769464,0.14783444505874385,17.53453433038749,1.0,1.0
parallel_chunked,9,500,2,64324.2,57602.0,55486.0,81512.0,11488.361467154487,0.1786009226256135,4.811868627981382,0.2744223791356908,0.1372111895678454
parallel_chunked,9,500,4,84580.8,81245.0,78954.0,91876.0,6426.989940866566,0.0759863933761157,3.6594546280006806,0.20869984677373588,0.05217496169343397
parallel_chunked,9,500,8,235636.8,225809.0,191127.0,285244.0,37248.48730082874,0.15807584936151203,1.3135452526939764,0.07491189831129942,0.009363987288912428
parallel_chunked,9,1000,1,40051.0,40135.0,39111.0,40548.0,575.2455997224145,0.014362827388140481,30.449192279843203,1.0,1.0
parallel_chunked,9,1000,2,74839.0,73614.0,73040.0,80571.0,3214.696719754447,0.04295483263745436,16.2952551477171,0.5351621480778739,0.26758107403893694
parallel_chunked,9,1000,4,93803.8,92821.0,90518.0,99546.0,3439.7614306809114,0.03666974504957061,13.00075903108403,0.4269656453150085,0.10674141132875213
parallel_chunked,9,1000,8,199086.8,196640.0,192078.0,213719.0,8446.571535244344,0.04242657742876145,6.125572363411337,0.20117355846796472,0.02514669480849559
parallel_chunked,9,5000,1,620293.2,579158.0,559520.0,718618.0,72932.65890326501,0.11757771792962589,46.524248855218794,1.0,1.0
parallel_chunked,9,5000,2,357132.2,352397.0,335688.0,379481.0,19153.62121636533,0.053631739776937866,80.80670183198266,1.7368727882840023,0.8684363941420011
parallel_chunked,9,5000,4,407292.4,394404.0,383911.0,443284.0,27315.60245171246,0.06706632004847736,70.85493173945794,1.522967774503035,0.38074194362575875
parallel_chunked,9,5000,8,510513.8,493650.0,476567.0,559745.0,33771.73911275522,0.06615245094795717,56.52868776514954,1.2150370861669164,0.15187963577086455
parallel_chunked,9,10000,1,2169710.0,2147304.0,2119286.0,2274566.0,63388.54684799142,0.029215216249172202,52.64953777232902,1.0,1.0
parallel_chunked,9,10000,2,994685.8,965961.0,953932.0,1059757.0,50770.69853468632,0.051041945642218194,114.84453543018307,2.1813018744210484,1.0906509372105242
parallel_chunked,9,10000,4,980846.8,970621.0,957675.0,1035878.0,32117.447745734713,0.0327446118453307,116.46490420318442,2.2120783796205483,0.5530195949051371
parallel_chunked,9,10000,8,1296764.8,1378950.0,1068827.0,1468900.0,181668.63533009763,0.14009374354555093,88.09170992303306,1.6731715728249255,0.20914644660311568
parallel_chunked,9,25000,1,13189955.6,13241258.0,13012875.0,13278430.0,111621.27129852974,0.008462596439561158,52.618463097783284,1.0,1.0
parallel_chunked,9,25000,2,5348560.8,5323631.0,5047576.0,5696668.0,269301.3179093262,0.05035023962134378,129.76111106374634,2.466075659081972,1.233037829540986
parallel_chunked,9,25000,4,4758983.8,4743743.0,4715071.0,4835391.0,46252.99451603102,0.009719090557952944,145.83684693358276,2.771590775324766,0.6928976938311915
parallel_chunked,9,25000,8,4911362.2,4934538.0,4802494.0,4946134.0,61100.750823537404,0.012440693301654152,141.3121581625562,2.6856002597405664,0.3357000324675708
parallel_chunked,9,50000,1,51901709.0,51673658.0,51560264.0,52725737.0,489724.01678394334,0.009435604842683376,53.77048387751548,1.0,1.0
parallel_chunked,9,50000,2,19943681.6,19948918.0,19322365.0,20886089.0,618422.210444289,0.03100842777415224,139.93304059767982,2.6024136386132435,1.3012068193066217
parallel_chunked,9,50000,4,18093853.6,18076700.0,17970470.0,18251161.0,108621.3984733207,0.006003220810481228,154.2391172547124,2.868471810781093,0.7171179526952732
parallel_chunked,9,50000,8,19516234.8,19531433.0,18172533.0,20390702.0,911403.6310747284,0.04669976767622863,142.99787000922944,2.659411998875931,0.33242649985949135
parallel_chunked,9,100000,1,208043362.4,206920847.0,206175672.0,211985803.0,2433707.068049952,0.011698076016338948,,1.0,1.0
parallel_chunked,9,100000,2,78110589.8,78072839.0,77737235.0,78631042.0,389127.35716433683,0.004981749058107059,,2.6634463128839414,1.3317231564419707
parallel_chunked,9,100000,4,72257228.8,71615314.0,71576535.0,74846786.0,1447846.8834561533,0.020037398437513194,,2.8792048332747577,0.7198012083186894
parallel_chunked,9,100000,8,76718332.4,77104752.0,72621048.0,79773002.0,2609955.912890352,0.034019977119449894,,2.711781602802409,0.33897270035030114
parallel_chunked,10,10,1,1711.4,1718.0,1633.0,1775.0,51.432480010203676,0.030052869002105687,0.6057029332710061,1.0,1.0
parallel_chunked,10,10,2,1502.6,1499.0,1467.0,1537.0,26.773120849090386,0.017817862936969513,0.6898708904565419,1.1389591374950088,0.5694795687475044
parallel_chunked,10,10,4,1590.2,1614.0,1503.0,1653.0,68.84547915440781,0.04329359775777123,0.6518676895987925,1.0762168280719406,0.26905420701798516
parallel_chunked,10,10,8,1487.6,1389.0,1353.0,1723.0,164.40742075709358,0.11051856732797363,0.6968271040602312,1.1504436676525949,0.14380545845657436
parallel_chunked,10,50,1,3877.4,3625.0,3339.0,4913.0,627.7063804040868,0.16188847691857605,1.3068551090937226,1.0,1.0
parallel_chunked,10,50,2,53562.8,53997.0,44356.0,61926.0,6342.063914846648,0.11840426405726824,0.09460297071848371,0.072389792915979,0.0361948964579895
parallel_chunked,10,50,4,91256.2,85358.0,82556.0,115265.0,13757.225072666362,0.15075386738288865,0.055527186098040464,0.0424891678592797,0.010622291964819924
parallel_chunked,10,50,8,125461.0,120548.0,116175.0,148588.0,13452.257282701665,0.10722262123450048,0.04038864667107707,0.030905221542949602,0.0038631526928687003
parallel_chunked,10,100,1,4986.0,4980.0,4834.0,5172.0,123.20714265009151,0.024710618261149522,2.950822302446851,1.0,1.0
parallel_chunked,10,100,2,47421.8,46905.0,45834.0,50996.0,2078.6817216688078,0.04383388487296576,0.3102539338447718,0.10514151719251483,0.052570758596257414
parallel_chunked,10,100,4,138729.8,76098.0,71218.0,393179.0,142260.77892799547,1.025452202252115,0.10605363807920144,0.035940367534588825,0.008985091883647206
parallel_chunked,10,100,8,194338.6,181031.0,167951.0,230466.0,26239.17106731842,0.13501780432357968,0.07570703915742935,0.025656251511537078,0.0032070314389421348
parallel_chunked,10,500,1,16858.6,16923.0,16471.0,17196.0,294.9242275568421,0.0174939928319577,18.359745174569657,1.0,1.0
parallel_chunked,10,500,2,65847.6,60996.0,58102.0,89655.0,13387.077810336355,0.20330395960272438,4.700544894574745,0.256024517218547,0.1280122586092735
parallel_chunked,10,500,4,86981.2,83016.0,82665.0,93960.0,5726.534527967153,0.06583646268351268,3.5584655074889744,0.19381889419782664,0.04845472354945666
parallel_chunked,10,500,8,217455.6,215666.0,177752.0,256302.0,35500.00493380247,0.16325173936105794,1.4233691843300424,0.07752663072369716,0.009690828840462145
parallel_chunked,10,1000,1,38002.8,37960.0,37827.0,38248.0,182.52314921675043,0.0048028868719344475,32.0902828212658,1.0,1.0
parallel_chunked,10,1000,2,75848.0,73612.0,73075.0,84591.0,4918.090381438713,0.06484139834193009,16.078480645501532,0.5010389199451535,0.25051945997257674
parallel_chunked,10,1000,4,99572.8,93173.0,92004.0,110090.0,9337.439354555401,0.09377500034703655,12.247527437211769,0.38165844487651246,0.09541461121912811
parallel_chunked,10,1000,8,222713.0,195371.0,189440.0,307263.0,50212.22258076214,0.22545707965301595,5.47574950721332,0.1706357509440401,0.021329468868005012
parallel_chunked,10,5000,1,482851.8,483425.0,464323.0,497889.0,12071.484486176503,0.025000392431335047,59.76714842939386,1.0,1.0
parallel_chunked,10,5000,2,299855.4,299369.0,283718.0,314984.0,11129.97725963535,0.03711781498560756,96.24197263080804,1.6102821559991916,0.8051410779995958
parallel_chunked,10,5000,4,353318.2,348142.0,297572.0,416243.0,43509.01320071509,0.12314399088616179,81.67899417578828,1.366620230715542,0.3416550576788855
parallel_chunked,10,5000,8,461346.4,459244.0,434677.0,501352.0,27026.436156104643,0.058581656118059315,62.55316005500422,1.0466144311519499,0.13082680389399373
parallel_chunked,10,10000,1,1787058.0,1787289.0,1739727.0,1849992.0,40686.06110819773,0.022767062461429753,63.92306718640357,1.0,1.0
parallel_chunked,10,10000,2,837250.2,818119.0,797565.0,882477.0,39654.27141179118,0.04736251052766686,136.43977463367582,2.1344372327411807,1.0672186163705903
parallel_chunked,10,10000,4,816000.0,818894.0,786659.0,838932.0,20955.39881510252,0.025680635802821716,139.99292720588235,2.1900220588235295,0.5475055147058824
parallel_chunked,10,10000,8,1102118.0,1108215.0,973775.0,1205112.0,82957.76650802503,0.07527122005812902,103.64972589141998,1.6214761032847662,0.20268451291059578
parallel_chunked,10,25000,1,10671993.8,10668681.0,10523972.0,10829754.0,110318.56209269572,0.010337202603387543,65.03332039042226,1.0,1.0
parallel_chunked,10,25000,2,4341803.0,4354360.0,4178503.0,4515654.0,145578.91107918066,0.033529598436221233,159.84953531977385,2.4579636155762943,1.2289818077881471
parallel_chunked,10,25000,4,3944493.6,3954831.0,3886219.0,3989672.0,40706.46535625513,0.010319820358247033,175.95039119850517,2.705542176567355,0.6763855441418387
parallel_chunked,10,25000,8,4060619.2,4045990.0,3983822.0,4145659.0,62307.70967304122,0.015344386312570561,170.91856138590882,2.628169073327536,0.328521134165942
parallel_chunked,10,50000,1,41893137.6,42113562.0,41275959.0,42262278.0,418081.8207340518,0.009979720896676208,66.6166385923789,1.0,1.0
parallel_chunked,10,50000,2,17108082.2,16232430.0,15754818.0,20420689.0,1939670.0098276255,0.11337740765751204,163.12640858131954,2.448733710199265,1.2243668550996325
parallel_chunked,10,50000,4,14773343.2,14713133.0,14704108.0,14891578.0,90853.28572869573,0.006149812164973988,188.90646275651406,2.8357249292089826,0.7089312323022456
parallel_chunked,10,50000,8,15011566.8,14967437.0,14924724.0,15237398.0,128388.67710471962,0.008552650020830579,185.90864259418942,2.7907238570193753,0.3488404821274219
parallel_chunked,10,100000,1,168011984.4,167806147.0,166763015.0,169602497.0,1077841.281647162,0.006415264277106901,,1.0,1.0
parallel_chunked,10,100000,2,63457151.8,63422833.0,63114594.0,63917399.0,321333.50204063713,0.005063787026770356,,2.647644585901506,1.323822292950753
parallel_chunked,10,100000,4,58345590.8,58361949.0,58161480.0,58512651.0,145337.4622858814,0.0024909759296821003,,2.8796003621922366,0.7199000905480591
parallel_chunked,10,100000,8,60062420.8,59952023.0,58704978.0,62137918.0,1345753.723781473,0.022405918806747013,,2.7972895891002785,0.3496611986375348
schoolbook,0,10,1,1036.6,815.0,763.0,1911.0,491.4944557164404,0.4741408988196416,1.0,,
schoolbook,0,50,1,5067.2,4496.0,4351.0,6843.0,1065.2268303042315,0.21022000913803116,1.0,,
schoolbook,0,100,1,14712.8,13859.0,13818.0,18174.0,1934.9890697365706,0.13151739096137857,1.0,,
schoolbook,0,500,1,309519.6,296327.0,293903.0,352401.0,24989.316233142516,0.08073581199104198,1.0,,
schoolbook,0,1000,1,1219520.6,1215156.0,1181240.0,1298283.0,47559.24479846162,0.038998311958372514,1.0,,
schoolbook,0,5000,1,28858675.2,28449146.0,27822754.0,30984156.0,1226248.1205276933,0.042491490410748074,1.0,,
schoolbook,0,10000,1,114234228.6,114126724.0,110113254.0,120562130.0,4026548.466218157,0.03524817837495475,1.0,,
schoolbook,0,25000,1,694035192.0,691503637.0,690499846.0,703720512.0,5510773.83377793,0.007940193663519486,1.0,,
schoolbook,0,50000,1,2790780007.0,2788331193.0,2779548212.0,2807600092.0,11031078.491383696,0.003952686511912401,1.0,,
